time,oid,oidb,oids,price,volume,flag,ptype
91500120,441,0,0,98.0,100,1,2
91500210,888,0,0,103.25,100,2,2
91500330,1456,0,0,108.8,4000,2,2
91500410,2090,0,0,101.77,100,2,2
91500520,3181,0,0,102.1,100,2,2
91500520,3190,0,0,102.86,400,2,2
91500650,4136,0,0,104.27,200,2,2
91500650,4243,0,0,106.32,500,2,2
91500770,6721,0,0,104.2,100,2,2
91501140,8771,0,0,107.99,400,2,2
91501220,9612,0,0,110.0,200,2,2
91501220,9613,0,0,105.0,200,2,2
91501220,9655,0,0,97.0,100,1,2
91501220,10135,0,0,102.86,100,2,2
91501220,10375,0,0,102.5,300,2,2
91501220,10381,0,0,103.0,300,2,2
91501220,10458,0,0,100.5,100,1,2
91501320,11183,0,0,103.0,200,2,2
91501320,12497,0,0,98.83,100,1,2
91501430,13139,0,0,100.03,100,1,2
91501430,13140,0,0,99.71,200,1,2
91501430,13492,0,0,96.5,500,1,2
91501570,15114,0,0,96.66,500,1,2
91501570,15126,0,0,104.77,100,2,2
91501570,16753,0,0,98.86,100,1,2
91501700,18213,0,0,105.0,100,2,2
91501830,19069,0,0,96.0,100,1,2
91501830,19170,0,0,100.6,200,1,2
91501830,19326,0,0,103.38,100,2,2
91501830,19327,0,0,104.38,100,2,2
91501830,19328,0,0,105.38,100,2,2
91501830,19329,0,0,106.38,100,2,2
91501830,19906,0,0,102.5,1000,2,2
91501830,20438,0,0,110.95,700,2,2
91501830,20544,0,0,101.4,100,2,2
91501830,20748,0,0,101.5,100,2,2
91501830,20896,0,0,101.6,100,2,2
91501830,20911,0,0,90.86,300,1,2
91501950,20999,0,0,101.7,100,2,2
91501950,21174,0,0,101.39,700,2,2
91501950,22691,0,0,109.55,100,2,2
91502080,23022,0,0,110.15,100,2,2
91502080,24381,0,0,98.0,1700,2,2
91502220,25040,0,0,100.01,500,1,2
91502220,25956,0,0,103.99,300,2,2
91502220,26029,0,0,105.99,300,2,2
91502350,26938,0,0,99.15,100,1,2
91502350,27480,0,0,105.5,200,2,2
91502350,27556,0,0,106.8,100,2,2
91502350,28083,0,0,110.0,1000,2,2
91502350,28665,0,0,103.01,100,2,2
91502480,29002,0,0,104.0,100,2,2
91502480,29922,0,0,103.99,500,2,2
91502480,30005,0,0,102.45,100,2,2
91502480,30006,0,0,98.0,100,1,2
91502480,30007,0,0,96.0,100,1,2
91502480,30213,0,0,102.96,400,2,2
91502480,30531,0,0,95.0,200,1,2
91502480,30775,0,0,102.88,200,2,2
91502630,30785,0,0,100.01,200,1,2
91502630,30814,0,0,99.01,200,1,2
91502630,31121,0,0,100.58,100,1,2
91502630,31201,0,0,97.38,100,1,2
91502630,31232,0,0,102.33,100,2,2
91502630,31473,0,0,102.8,100,2,2
91502700,31744,0,0,107.99,300,2,2
91502700,31891,0,0,100.01,300,1,2
91502700,32782,0,0,95.9,200,1,2
91502700,32832,0,0,100.86,100,1,2
91502700,33391,0,0,103.43,100,2,2
91502860,34081,0,0,99.82,100,1,2
91502860,34090,0,0,90.77,100,1,2
91503010,36272,0,0,102.75,100,2,2
91503010,37454,0,0,110.0,300,2,2
91503160,37504,0,0,110.95,300,2,2
91503160,39398,0,0,110.0,100,2,2
91503300,39728,0,0,104.0,400,2,2
91503300,40229,0,0,102.2,200,2,2
91503300,40830,0,0,97.77,100,1,2
91503300,41202,0,0,98.8,100,1,2
91503440,41682,0,0,104.39,8800,2,2
91503440,41928,0,0,103.58,300,2,2
91503440,42154,0,0,110.95,200,2,2
91503440,42155,0,0,97.9,200,1,2
91503440,42507,0,0,103.93,200,2,2
91503440,42658,0,0,106.83,200,2,2
91503440,42822,0,0,103.94,1700,2,2
91503440,42823,0,0,103.93,800,2,2
91503590,43870,0,0,100.86,1000,1,2
91503590,43995,0,0,99.98,100,1,2
91503590,44461,0,0,103.0,200,2,2
91503730,46012,0,0,108.0,300,2,2
91503730,46112,0,0,98.98,2000,1,2
91503730,46780,0,0,98.0,200,1,2
91503730,46912,0,0,100.0,100,1,2
91503880,47485,0,0,107.53,200,2,2
91504030,49512,0,0,110.0,500,2,2
91504030,49871,0,0,101.89,200,2,2
91504030,50262,0,0,100.86,100,2,2
91504150,51058,0,0,102.0,100,2,2
91504150,51142,0,0,103.92,900,2,2
91504150,52618,0,0,110.95,200,2,2
91504150,52740,0,0,106.0,100,2,2
91504300,53283,0,0,102.88,100,2,2
91504300,53290,0,0,103.89,100,2,2
91504440,55526,0,0,110.0,100,2,2
91504440,56044,0,0,101.98,100,2,2
91504440,56237,0,0,100.07,500,2,2
91504580,56814,0,0,98.0,100,1,2
91504580,57464,0,0,103.9,200,1,2
91504720,59397,0,0,102.9,700,2,2
91504720,59398,0,0,104.9,1000,2,2
91504720,59462,0,0,99.5,100,1,2
91504720,59599,0,0,101.86,100,2,2
91504720,59600,0,0,103.67,100,2,2
91504720,59602,0,0,108.23,100,2,2
91504720,59603,0,0,110.4,100,2,2
91504720,60026,0,0,103.0,200,2,2
91504860,60632,0,0,103.0,100,2,2
91504860,61106,0,0,102.3,100,2,2
91504860,61621,0,0,97.31,100,1,2
91504860,62528,0,0,99.0,100,1,2
91505010,63001,0,0,100.0,3300,1,2
91505010,63002,0,0,99.8,3300,1,2
91505010,63286,0,0,105.81,100,2,2
91505100,63786,0,0,99.0,5600,1,2
91505240,66673,0,0,100.1,200,1,2
91505240,66674,0,0,100.1,200,1,2
91505240,67137,0,0,103.0,100,2,2
91505240,67368,0,0,97.0,100,1,2
91505380,68200,0,0,108.98,100,2,2
91505380,68273,0,0,104.88,100,2,2
91505380,68326,0,0,107.88,100,2,2
91505380,68658,0,0,97.0,100,1,2
91505380,68678,0,0,110.88,200,2,2
91505380,68715,0,0,103.65,100,2,2
91505380,69350,0,0,102.5,100,2,2
91505530,70072,0,0,106.28,100,2,2
91505530,70257,0,0,105.98,100,2,2
91505530,70563,0,0,102.86,100,2,2
91505530,70744,0,0,104.86,100,2,2
91505530,70745,0,0,105.86,100,2,2
91505680,71949,0,0,103.5,100,2,2
91505680,72096,0,0,110.0,200,2,2
91505680,72436,0,0,100.5,200,1,2
91505810,74128,0,0,102.72,100,2,2
91505810,75048,0,0,108.0,200,2,2
91505810,75334,0,0,103.14,400,2,2
91505960,75741,0,0,110.95,100,2,2
91505960,76779,0,0,103.5,100,2,2
91505960,76869,0,0,103.01,1000,2,2
91506100,78070,0,0,101.46,100,2,2
91506100,78398,0,0,106.0,100,2,2
91506100,78438,0,0,100.01,200,1,2
91506270,80161,0,0,110.6,700,2,2
91506270,80170,0,0,102.65,1200,2,2
91506270,80641,0,0,99.0,100,1,2
91506270,80742,0,0,94.0,100,1,2
91506570,83622,0,0,96.28,200,1,2
91506570,83672,0,0,100.5,200,1,2
91506570,84554,0,0,105.03,100,2,2
91506570,84791,0,0,107.3,200,2,2
91506710,85096,0,0,90.77,100,1,2
91506750,86762,0,0,104.97,100,2,2
91506890,87384,0,0,102.18,100,2,2
91506890,88223,0,0,106.44,2200,2,2
91506890,88413,0,0,107.0,100,2,2
91507040,90052,0,0,98.0,100,1,2
91507040,90474,0,0,103.13,200,2,2
91507210,91857,0,0,98.01,100,1,2
91507290,92045,0,0,99.99,100,1,2
91507290,93026,0,0,98.76,1200,1,2
91507290,93913,0,0,105.7,100,2,2
91507450,94346,0,0,101.0,100,2,2
91507450,94421,0,0,101.88,100,2,2
91507450,94501,0,0,102.86,600,2,2
91507450,94552,0,0,110.0,1000,2,2
91507450,94556,0,0,109.0,1000,2,2
91507450,94557,0,0,108.0,1000,2,2
91507450,95209,0,0,107.0,1000,2,2
91507450,95216,0,0,106.0,300,2,2
91507570,95456,0,0,100.1,100,1,2
91507570,95457,0,0,99.1,100,1,2
91507570,95458,0,0,98.1,100,1,2
91507570,95459,0,0,97.1,100,1,2
91507570,95460,0,0,102.1,100,2,2
91507570,95461,0,0,103.1,100,2,2
91507570,95462,0,0,104.1,100,2,2
91507570,95463,0,0,105.1,100,2,2
91507570,95522,0,0,103.82,500,2,2
91507570,95786,0,0,98.56,500,1,2
91507570,95901,0,0,99.85,1500,1,2
91507570,96082,0,0,105.76,500,2,2
91507570,96229,0,0,102.8,200,2,2
91507570,96384,0,0,100.06,300,1,2
91507570,96393,0,0,99.12,300,1,2
91507570,96601,0,0,103.0,100,2,2
91507570,96708,0,0,102.58,100,2,2
91507580,97022,0,0,99.0,100,1,2
91507580,97024,0,0,110.95,500,2,2
91507730,97734,0,0,98.08,100,1,2
91507730,97862,0,0,100.86,1600,2,2
91507730,98018,0,0,105.0,200,2,2
91507730,98050,0,0,103.9,200,1,2
91507730,98612,0,0,106.5,400,2,2
91507890,99650,0,0,101.5,100,2,2
91507890,101250,0,0,103.66,400,2,2
91507890,101251,0,0,104.44,400,2,2
91508040,101290,0,0,110.95,500,2,2
91508040,101541,0,0,102.9,1100,2,2
91508040,101544,0,0,106.66,400,2,2
91508040,101968,0,0,103.87,100,2,2
91508130,102835,0,0,106.99,100,2,2
91508130,104058,0,0,103.89,200,2,2
91508290,104571,0,0,101.4,100,2,2
91508290,104573,0,0,101.7,100,2,2
91508290,104609,0,0,100.98,100,2,2
91508300,105122,0,0,106.0,100,2,2
91508300,105639,0,0,95.9,300,1,2
91508300,106115,0,0,104.88,300,2,2
91508440,106159,0,0,98.9,100,1,2
91508440,106690,0,0,103.88,200,2,2
91508440,106964,0,0,99.0,300,1,2
91508440,106968,0,0,97.2,300,1,2
91508440,107446,0,0,103.85,200,2,2
91508440,107547,0,0,100.2,200,1,2
91508650,108594,0,0,101.99,400,2,2
91508650,108644,0,0,98.0,200,1,2
91508650,108772,0,0,108.7,100,1,2
91508650,109204,0,0,99.66,200,1,2
91508650,109532,0,0,102.88,100,2,2
91508650,109560,0,0,100.0,300,1,2
91508650,109576,0,0,95.58,200,1,2
91508650,109827,0,0,110.0,200,2,2
91508820,110245,0,0,104.31,200,2,2
91508820,110300,0,0,100.0,100,1,2
91508820,110637,0,0,100.0,200,1,2
91508820,110639,0,0,99.0,200,1,2
91508820,110759,0,0,106.38,400,2,2
91508820,110844,0,0,99.0,100,1,2
91508960,111506,0,0,100.86,100,2,2
91508960,112151,0,0,103.27,100,2,2
91508960,112188,0,0,108.88,100,2,2
91508960,112852,0,0,108.86,100,2,2
91509110,113470,0,0,102.22,100,2,2
91509110,113471,0,0,103.9,100,1,2
91509110,113474,0,0,105.55,100,2,2
91509110,113523,0,0,102.88,500,2,2
91509110,113524,0,0,103.88,500,2,2
91509160,113620,0,0,104.88,100,2,2
91509160,113823,0,0,99.66,100,1,2
91509160,113826,0,0,101.99,100,2,2
91509160,113925,0,0,110.94,100,2,2
91509160,114075,0,0,101.68,100,2,2
91509160,114659,0,0,103.05,600,2,2
91509310,115556,0,0,105.86,100,2,2
91509310,115998,0,0,91.99,200,1,2
91509310,116013,0,0,101.5,200,2,2
91509310,116692,0,0,104.5,100,2,2
91509310,117182,0,0,105.86,200,2,2
91509480,117433,0,0,108.86,200,2,2
91509480,118451,0,0,110.0,100,2,2
91509590,85096,0,0,90.77,100,3,2
91509590,118870,0,0,100.18,300,1,2
91509590,119287,0,0,106.79,100,2,2
91509590,119348,0,0,110.95,100,2,2
91509590,119479,0,0,98.0,100,1,2
91509590,119781,0,0,105.99,500,2,2
91509590,119905,0,0,110.95,100,2,2
91509590,119927,0,0,107.99,1000,2,2
91509590,119954,0,0,105.5,100,2,2
91509590,120252,0,0,106.0,100,2,2
91509590,120372,0,0,90.88,100,1,2
91509750,120688,0,0,97.0,500,1,2
91509750,121132,0,0,103.86,300,2,2
91509810,121845,0,0,101.5,400,2,2
91509940,123026,0,0,104.0,500,2,2
91509940,123431,0,0,98.6,100,1,2
91509940,123487,0,0,103.9,200,1,2
91509940,123963,0,0,95.0,100,1,2
91510140,124592,0,0,104.0,100,2,2
91510140,125084,0,0,104.0,300,2,2
91510330,126819,0,0,104.86,100,2,2
91510390,127124,0,0,98.2,1000,1,2
91510440,127393,0,0,108.08,1000,2,2
91510500,128221,0,0,102.0,100,2,2
91510540,128641,0,0,104.86,200,2,2
91510570,128665,0,0,105.06,200,2,2
91510570,128688,0,0,106.86,200,2,2
91510570,128732,0,0,99.35,200,1,2
91510590,128875,0,0,96.99,100,1,2
91510620,129057,0,0,102.86,200,2,2
91510820,130425,0,0,99.0,300,1,2
91510850,130661,0,0,105.0,100,2,2
91511100,132077,0,0,91.0,100,1,2
91511150,132175,0,0,103.0,100,2,2
91511460,133842,0,0,101.58,9300,2,2
91511490,134038,0,0,102.0,100,2,2
91511490,134038,0,0,102.0,100,4,2
91511490,134075,0,0,102.5,100,2,2
91511760,135213,0,0,90.78,100,1,2
91511880,135806,0,0,110.32,200,2,2
91512200,137345,0,0,102.99,200,2,2
91512330,138161,0,0,105.99,200,2,2
91512330,137345,0,0,102.99,200,4,2
91512380,138480,0,0,102.68,100,2,2
91512720,139822,0,0,99.69,200,1,2
91513680,142424,0,0,110.95,100,2,2
91513680,142425,0,0,90.77,100,1,2
91514050,143128,0,0,105.0,500,2,2
91514050,143137,0,0,105.0,500,2,2
91514420,143927,0,0,100.0,100,1,2
91514640,144362,0,0,96.0,200,1,2
91514860,144756,0,0,90.77,100,1,2
91514860,144775,0,0,90.77,100,1,2
91515180,145452,0,0,106.99,200,2,2
91515760,146459,0,0,100.18,200,1,2
91515760,146460,0,0,100.18,1000,1,2
91515760,146466,0,0,100.18,1000,1,2
91515830,142424,0,0,110.95,100,4,2
91515830,142425,0,0,90.77,100,3,2
91519840,144756,0,0,90.77,100,3,2
91519860,144775,0,0,90.77,100,3,2
91523140,148124,0,0,104.14,500,2,2
91538660,150006,0,0,100.0,200,1,2
91539440,150084,0,0,103.3,200,2,2
91559140,152680,0,0,90.77,100,1,2
91559140,152682,0,0,110.95,100,2,2
91603390,32832,0,0,100.86,100,3,2
91604120,152680,0,0,90.77,100,3,2
91604120,152682,0,0,110.95,100,4,2
91604280,153519,0,0,103.33,100,2,2
91610590,154194,0,0,100.58,200,1,2
91611650,10381,0,0,103.0,300,4,2
91611820,154353,0,0,96.23,100,1,2
91615620,154704,0,0,99.0,100,1,2
91618480,154947,0,0,99.5,200,1,2
91619430,155033,0,0,110.95,200,2,2
91619520,155045,0,0,103.25,200,2,2
91620980,155166,0,0,97.55,100,1,2
91625420,155597,0,0,100.58,700,2,2
91629290,155936,0,0,105.0,100,2,2
91630380,156039,0,0,108.0,200,2,2
91640430,157049,0,0,105.58,200,2,2
91641300,157124,0,0,99.0,200,1,2
91654070,158473,0,0,110.95,100,2,2
91655560,158620,0,0,102.58,100,2,2
91656490,158712,0,0,100.11,100,1,2
91657720,158836,0,0,105.58,100,2,2
91701800,159246,0,0,100.5,200,1,2
91708390,160018,0,0,100.0,100,1,2
91716350,160878,0,0,105.58,200,2,2
91718640,161128,0,0,102.3,1200,2,2
91721850,161427,0,0,100.58,100,1,2
91722110,161450,0,0,100.0,100,1,2
91722910,161535,0,0,98.58,1000,1,2
91723550,161600,0,0,102.05,100,2,2
91733740,19906,0,0,102.5,1000,4,2
91734870,162823,0,0,99.82,400,1,2
91734960,155597,0,0,100.58,700,4,2
91736710,163001,0,0,102.49,200,2,2
91743010,163637,0,0,90.77,100,1,2
91743230,163664,0,0,100.5,700,2,2
91743850,163722,0,0,110.95,100,2,2
91749000,164324,0,0,101.9,1000,2,2
91751290,164569,0,0,101.01,300,1,2
91800060,165709,0,0,105.8,100,1,2
91802910,166047,0,0,100.5,200,1,2
91808610,166722,0,0,101.0,100,1,2
91809640,166842,0,0,108.88,100,2,2
91810280,166920,0,0,102.9,100,2,2
91811030,167012,0,0,109.0,100,2,2
91816870,167736,0,0,99.81,100,1,2
91819390,168031,0,0,100.2,100,1,2
91819830,168068,0,0,103.18,300,2,2
91821040,168208,0,0,99.98,100,1,2
91821680,168284,0,0,101.9,100,2,2
91821880,168303,0,0,102.18,1000,2,2
91829170,169208,0,0,99.0,100,1,2
91832190,169595,0,0,104.0,500,2,2
91833920,169802,0,0,100.0,1000,2,2
91836760,170141,0,0,99.0,100,1,2
91841350,166722,0,0,101.0,100,3,2
91842830,170909,0,0,90.77,100,1,2
91842930,170925,0,0,98.5,100,1,2
91843510,170990,0,0,97.0,100,1,2
91848540,171613,0,0,101.5,100,2,2
91852730,172129,0,0,101.01,100,1,2
91853300,172211,0,0,98.88,100,1,2
91859920,173037,0,0,99.6,100,1,2
91908860,174082,0,0,103.0,200,2,2
91910430,174275,0,0,100.0,3000,2,2
91916290,175006,0,0,104.97,100,2,2
91922310,175714,0,0,104.0,200,2,2
91924850,161128,0,0,102.3,1200,4,2
91925980,176189,0,0,104.0,100,2,2
91931000,176826,0,0,101.87,500,2,2
91931880,113823,0,0,99.66,100,3,2
91932340,176997,0,0,95.0,100,1,2
91932810,177058,0,0,100.0,3100,2,2
91937270,177678,0,0,104.3,200,2,2
91940930,169802,0,0,100.0,1000,4,2
91941070,178185,0,0,99.51,100,1,2
91941900,178291,0,0,105.6,200,2,2
91942970,178423,0,0,97.0,100,1,2
91944160,178568,0,0,105.99,500,2,2
91947750,173037,0,0,99.6,100,3,2
91954950,180019,0,0,100.6,200,2,2
91957340,169208,0,0,99.0,100,3,2
91958220,180484,0,0,100.0,100,1,2
92000250,180856,0,0,90.77,100,2,2
92001670,181205,0,0,92.0,300,1,2
92002080,181312,0,0,98.85,300,2,2
92002090,181323,0,0,95.82,100,2,2
92002090,181333,0,0,102.87,100,1,2
92002090,181334,0,0,102.87,100,1,2
92003060,181567,0,0,102.87,100,1,2
92004270,181785,0,0,98.8,100,1,2
92005950,182033,0,0,102.0,1200,2,2
92007440,182265,0,0,98.0,100,1,2
92007820,182327,0,0,97.0,100,1,2
92008010,182356,0,0,102.85,200,2,2
92009100,182536,0,0,102.5,100,2,2
92012740,183075,0,0,108.92,200,1,2
92017160,183770,0,0,99.92,500,1,2
92021350,184454,0,0,98.0,100,1,2
92022310,184607,0,0,100.01,100,1,2
92022690,184667,0,0,102.99,200,2,2
92024910,184942,0,0,103.0,100,2,2
92025220,184989,0,0,100.01,100,1,2
92026830,185276,0,0,97.0,100,1,2
92028410,185502,0,0,99.9,100,1,2
92030700,185866,0,0,103.5,100,2,2
92033570,186314,0,0,102.8,100,2,2
92034700,186477,0,0,100.01,100,1,2
92037220,186834,0,0,100.01,300,1,2
92037410,186862,0,0,96.0,100,1,2
92038400,187016,0,0,102.0,200,2,2
92039110,187121,0,0,96.0,100,1,2
92041490,187470,0,0,100.01,100,1,2
92046020,188170,0,0,104.5,100,2,2
92047260,188352,0,0,110.95,100,2,2
92048750,188569,0,0,110.88,600,2,2
92049700,188691,0,0,103.0,100,2,2
92050260,188778,0,0,102.0,100,2,2
92050750,188850,0,0,100.11,100,1,2
92051120,188897,0,0,100.77,400,1,2
92051480,188962,0,0,100.01,300,1,2
92057870,189943,0,0,98.0,100,1,2
92059910,190273,0,0,100.06,100,1,2
92100080,190305,0,0,99.8,100,1,2
92101620,190547,0,0,106.0,300,2,2
92102290,190653,0,0,98.0,100,1,2
92104870,191078,0,0,99.8,100,1,2
92111060,192121,0,0,99.51,100,2,2
92111210,192151,0,0,99.0,100,2,2
92111480,192197,0,0,100.06,100,1,2
92113580,192541,0,0,96.0,200,1,2
92115430,192827,0,0,98.98,100,1,2
92116950,193104,0,0,109.55,100,2,2
92117390,193166,0,0,101.5,200,2,2
92117540,193182,0,0,102.98,2200,2,2
92118860,193384,0,0,103.8,100,2,2
92118990,193404,0,0,100.06,100,1,2
92120140,193590,0,0,98.73,100,1,2
92120810,193682,0,0,101.99,1000,2,2
92120910,193703,0,0,99.8,1000,1,2
92122830,194053,0,0,99.33,200,1,2
92123290,194129,0,0,99.11,100,1,2
92123600,194181,0,0,99.01,100,1,2
92124060,194248,0,0,103.0,500,2,2
92124460,194342,0,0,100.26,200,1,2
92128630,195028,0,0,100.01,200,1,2
92132700,195738,0,0,103.0,200,2,2
92133390,195856,0,0,95.0,100,1,2
92133780,195920,0,0,99.0,300,1,2
92135260,196133,0,0,100.06,2000,2,2
92136140,196297,0,0,102.33,100,2,2
92137450,196503,0,0,105.99,100,2,2
92141200,197160,0,0,103.0,100,2,2
92141440,197194,0,0,110.95,400,2,2
92142360,197345,0,0,90.77,100,1,2
92144670,197759,0,0,98.0,100,1,2
92146430,198066,0,0,103.0,200,2,2
92148480,198461,0,0,109.8,300,2,2
92148540,198469,0,0,98.0,300,1,2
92151180,198937,0,0,102.06,200,2,2
92151880,199070,0,0,100.1,100,1,2
92158520,200212,0,0,104.36,100,2,2
92158940,200298,0,0,100.06,100,2,2
92158970,200305,0,0,102.0,100,2,2
92201580,200818,0,0,99.09,500,1,2
92202050,200898,0,0,102.88,100,2,2
92204300,201341,0,0,100.06,100,1,2
92205250,201504,0,0,96.0,100,1,2
92206910,201792,0,0,98.0,100,1,2
92208510,202069,0,0,97.0,600,1,2
92208940,202139,0,0,100.06,400,1,2
92210230,202395,0,0,97.01,100,1,2
92210810,202489,0,0,98.01,100,1,2
92216700,203560,0,0,99.0,200,1,2
92216900,203592,0,0,100.06,100,1,2
92217350,203670,0,0,105.0,400,2,2
92218420,203895,0,0,98.2,100,1,2
92219390,204099,0,0,99.99,500,1,2
92220730,204357,0,0,102.99,200,2,2
92221970,204589,0,0,96.0,1500,1,2
92223240,204820,0,0,101.6,200,2,2
92226030,205387,0,0,100.06,100,1,2
92226120,205410,0,0,101.96,300,2,2
92227220,205614,0,0,103.49,100,2,2
92228570,205846,0,0,101.06,100,1,2
92233960,206917,0,0,100.01,100,1,2
92235480,207204,0,0,100.07,100,1,2
92237990,207666,0,0,99.0,100,1,2
92245880,209146,0,0,100.51,100,1,2
92248620,209677,0,0,100.0,100,1,2
92252220,210416,0,0,98.0,100,1,2
92252910,210545,0,0,100.19,100,1,2
92253770,210701,0,0,100.0,500,1,2
92302470,212400,0,0,102.96,300,2,2
92302520,212411,0,0,102.21,200,2,2
92306690,213288,0,0,103.9,100,2,2
92309080,213764,0,0,99.5,100,1,2
92310560,214084,0,0,100.8,100,2,2
92310950,214177,0,0,96.6,200,1,2
92313010,214646,0,0,99.5,100,1,2
92313200,214691,0,0,103.96,300,2,2
92321100,216354,0,0,100.06,200,1,2
92322710,216714,0,0,95.82,100,2,2
92322760,216739,0,0,95.82,200,2,2
92322840,216769,0,0,100.08,300,1,2
92323560,216950,0,0,98.5,100,1,2
92325520,217386,0,0,100.1,100,1,2
92326450,217581,0,0,100.9,100,1,2
92327280,217771,0,0,99.58,300,1,2
92327460,217812,0,0,102.3,100,2,2
92329860,218367,0,0,97.06,400,2,2
92331850,218818,0,0,99.6,100,1,2
92332360,218928,0,0,95.82,100,2,2
92335410,219747,0,0,100.0,400,2,2
92337240,220148,0,0,103.0,100,2,2
92337820,220268,0,0,103.23,700,2,2
92338130,220333,0,0,100.08,200,1,2
92338160,220344,0,0,100.25,200,1,2
92340060,220765,0,0,100.16,100,1,2
92342470,221380,0,0,99.76,200,1,2
92343560,221624,0,0,98.48,200,1,2
92350710,223346,0,0,102.86,500,2,2
92350880,223384,0,0,99.96,100,1,2
92351600,223552,0,0,99.35,100,1,2
92351720,223579,0,0,104.0,100,2,2
92353440,224006,0,0,105.8,100,2,2
92355960,224607,0,0,98.76,200,1,2
92358550,225263,0,0,104.77,100,2,2
92359940,225592,0,0,103.5,200,2,2
92400080,225661,0,0,105.9,100,1,2
92402110,226408,0,0,100.0,1000,2,2
92403470,226847,0,0,100.06,200,1,2
92404320,227144,0,0,100.19,800,1,2
92404900,227335,0,0,99.0,100,2,2
92406010,227650,0,0,103.0,100,2,2
92407530,228079,0,0,101.5,100,2,2
92407880,228158,0,0,98.36,500,1,2
92408750,228423,0,0,100.1,1000,1,2
92410970,229172,0,0,103.0,200,2,2
92411540,229410,0,0,99.1,100,1,2
92411940,229549,0,0,100.0,3100,2,2
92413390,230047,0,0,98.5,200,1,2
92414310,230341,0,0,100.36,100,1,2
92416940,231292,0,0,96.06,200,1,2
92417500,231463,0,0,105.68,3800,2,2
92418300,231721,0,0,101.58,100,2,2
92422620,233286,0,0,103.0,200,2,2
92424540,234008,0,0,100.01,400,2,2
92426430,234702,0,0,100.02,100,1,2
92429810,235934,0,0,100.01,200,1,2
92430280,236105,0,0,100.01,1000,1,2
92431540,236619,0,0,98.0,200,2,2
92431640,236656,0,0,98.0,100,2,2
92431730,236689,0,0,98.0,100,2,2
92431930,236766,0,0,98.0,100,2,2
92432100,236838,0,0,98.0,100,2,2
92432100,236841,0,0,98.0,100,2,2
92432160,236862,0,0,98.0,300,2,2
92432260,236904,0,0,98.0,100,2,2
92432370,236949,0,0,98.0,100,2,2
92432470,236993,0,0,98.0,100,2,2
92432570,237034,0,0,100.01,100,1,2
92432640,237052,0,0,98.0,100,2,2
92432750,237098,0,0,98.0,100,2,2
92432940,237199,0,0,98.0,100,2,2
92433820,237481,0,0,100.5,100,1,2
92435660,238199,0,0,100.0,100,1,2
92437830,238985,0,0,102.0,300,2,2
92441560,240431,0,0,101.59,1000,1,2
92443220,241125,0,0,99.98,200,1,2
92446480,242588,0,0,102.0,200,2,2
92446510,242613,0,0,106.01,700,2,2
92447710,243163,0,0,101.59,1000,1,2
92448510,243593,0,0,99.98,100,2,2
92449350,244000,0,0,99.01,100,2,2
92450930,244971,0,0,104.0,100,2,2
92451130,245084,0,0,101.52,100,1,2
92451540,245450,0,0,100.01,100,1,2
92451970,245942,0,0,101.01,400,1,2
92452180,246108,0,0,104.01,100,1,2
92452680,246448,0,0,104.01,100,1,2
92453360,247023,0,0,100.01,1000,1,2
92454440,247762,0,0,100.57,3200,1,2
92454940,248157,0,0,100.02,600,1,2
92455140,248276,0,0,110.06,3200,1,2
92455500,248588,0,0,100.01,200,2,2
92456500,249978,0,0,102.06,2900,1,2
92457840,251261,0,0,98.52,500,1,2
92457930,251363,0,0,102.19,500,1,2
92458090,251493,0,0,102.2,100,1,2
92458090,251504,0,0,102.2,400,1,2
92459170,252761,0,0,100.24,1200,1,2
92459390,253016,0,0,100.72,1100,1,2
92459770,253700,0,0,101.2,2600,1,2
92459830,253903,0,0,100.33,10000,1,2
92459870,253930,0,0,101.2,200,1,2
92500480,0,248276,180856,100.57,100,0,0
92500480,0,248276,181323,100.57,100,0,0
92500480,0,248276,216714,100.57,100,0,0
92500480,0,248276,216739,100.57,200,0,0
92500480,0,248276,218928,100.57,100,0,0
92500480,0,248276,218367,100.57,400,0,0
92500480,0,248276,24381,100.57,1700,0,0
92500480,0,248276,236619,100.57,200,0,0
92500480,0,248276,236656,100.57,100,0,0
92500480,0,248276,236689,100.57,100,0,0
92500480,0,248276,236766,100.57,100,0,0
92500480,0,183075,236838,100.57,100,0,0
92500480,0,183075,236841,100.57,100,0,0
92500480,0,108772,236862,100.57,100,0,0
92500480,0,225661,236862,100.57,100,0,0
92500480,0,165709,236862,100.57,100,0,0
92500480,0,246108,236904,100.57,100,0,0
92500480,0,246448,236949,100.57,100,0,0
92500480,0,57464,236993,100.57,100,0,0
92500480,0,57464,237052,100.57,100,0,0
92500480,0,98050,237098,100.57,100,0,0
92500480,0,98050,237199,100.57,100,0,0
92500480,0,113471,181312,100.57,100,0,0
92500480,0,123487,181312,100.57,200,0,0
92500480,0,181333,192151,100.57,100,0,0
92500480,0,181334,227335,100.57,100,0,0
92500480,0,181567,244000,100.57,100,0,0
92500480,0,251493,192121,100.57,100,0,0
92500480,0,251504,243593,100.57,100,0,0
92500480,0,251504,174275,100.57,300,0,0
92500480,0,251363,174275,100.57,500,0,0
92500480,0,249978,174275,100.57,2200,0,0
92500480,0,249978,177058,100.57,700,0,0
92500480,0,240431,177058,100.57,1000,0,0
92500480,0,243163,177058,100.57,1000,0,0
92500480,0,245084,177058,100.57,100,0,0
92500480,0,253700,177058,100.57,300,0,0
92500480,0,253700,219747,100.57,400,0,0
92500480,0,253700,226408,100.57,1000,0,0
92500480,0,253700,229549,100.57,900,0,0
92500480,0,253930,229549,100.57,200,0,0
92500480,0,205846,229549,100.57,100,0,0
92500480,0,164569,229549,100.57,300,0,0
92500480,0,172129,229549,100.57,100,0,0
92500480,0,245942,229549,100.57,400,0,0
92500480,0,217581,229549,100.57,100,0,0
92500480,0,43870,229549,100.57,1000,0,0
92500480,0,188897,234008,100.57,400,0,0
92500480,0,253016,248588,100.57,200,0,0
92500480,0,253016,196133,100.57,900,0,0
92500480,0,19170,196133,100.57,200,0,0
92500480,0,31121,196133,100.57,100,0,0
92500480,0,154194,196133,100.57,200,0,0
92500480,0,161427,196133,100.57,100,0,0
92500480,0,247762,196133,100.57,500,0,0
92500480,0,247762,200298,100.57,100,0,0
92500480,0,247762,56237,100.57,500,0,0
92500480,0,247762,163664,100.57,700,0,0
93000010,254194,0,0,98.89,100,1,2
93000130,254838,0,0,100.0,900,1,2
93000190,255168,0,0,104.0,100,2,2
93000260,255281,0,0,100.32,900,1,2
93000300,255935,0,0,100.05,100,1,2
93000300,256384,0,0,99.2,100,1,2
93000300,256798,0,0,100.2,900,1,2
93000400,0,257665,180019,100.6,200,1,0
93000400,0,257665,257834,100.6,200,2,0
93000400,237034,0,0,100.01,100,3,2
93000400,257444,0,0,105.4,300,2,2
93000400,257665,0,0,100.6,800,1,2
93000400,257738,0,0,100.0,1000,1,2
93000400,257981,0,0,106.0,100,2,2
93000540,258679,0,0,102.11,300,2,2
93000540,259509,0,0,101.91,100,2,2
93000540,259653,0,0,101.98,1000,2,2
93000540,259665,0,0,102.91,100,2,2
93000670,260682,0,0,110.95,100,2,2
93001300,261246,0,0,101.99,200,2,2
93001300,261317,0,0,100.5,100,1,2
93001300,261390,0,0,102.31,100,2,2
93001350,0,257665,261877,100.6,300,2,0
93001480,263246,0,0,103.57,100,2,2
93001480,263414,0,0,98.0,200,1,2
93001480,263510,0,0,105.0,300,2,2
93001480,263960,0,0,101.3,100,2,2
93001480,234702,0,0,100.02,100,3,2
93001480,209146,0,0,100.51,100,3,2
93001620,266058,0,0,102.78,100,2,2
93001750,267107,0,0,99.87,4400,1,2
93001750,268281,0,0,98.6,100,1,2
93001910,268371,0,0,100.57,100,1,2
93001910,143128,0,0,105.0,500,4,2
93001910,268891,0,0,102.0,100,2,2
93001990,0,257665,269415,100.6,100,2,0
93001990,269541,0,0,98.0,100,1,2
93001990,270581,0,0,98.66,100,1,2
93001990,270607,0,0,106.0,100,2,2
93002110,271896,0,0,100.03,100,1,2
93002110,271932,0,0,103.7,3900,2,2
93002110,272029,0,0,103.2,500,2,2
93002120,272553,0,0,106.0,500,2,2
93002250,0,272877,214084,100.8,100,1,0
93002250,0,272877,50262,100.86,100,1,0
93002250,0,272877,97862,100.86,200,1,0
93002250,0,257665,273632,100.6,200,2,0
93002250,0,247762,273632,100.57,500,2,0
93002250,273130,0,0,102.0,100,2,2
93002250,273251,0,0,99.85,100,1,2
93002250,273252,0,0,99.86,200,1,2
93002250,274253,0,0,100.0,500,1,2
93002410,275114,0,0,100.57,200,1,2
93002410,275277,0,0,102.0,400,2,2
93002410,275357,0,0,100.6,100,1,2
93002530,275597,0,0,110.95,300,2,2
93002530,275705,0,0,100.57,200,1,2
93002530,275793,0,0,105.39,100,2,2
93002530,276347,0,0,100.34,2000,1,2
93002530,276487,0,0,101.8,100,2,2
93002530,276744,0,0,100.57,200,1,2
93002530,276746,0,0,101.98,300,2,2
93002830,161450,0,0,100.0,100,3,2
93002830,280280,0,0,98.85,300,1,2
93002960,280973,0,0,101.0,100,2,2
93002960,281149,0,0,100.19,200,1,2
93002960,281565,0,0,100.57,200,1,2
93002960,281623,0,0,101.99,100,2,2
93002960,282026,0,0,100.6,200,1,2
93002960,197160,0,0,103.0,100,4,2
93002960,282095,0,0,100.34,200,1,2
93003100,0,275357,283379,100.6,100,2,0
93003100,282895,0,0,100.01,200,1,2
93003100,283682,0,0,103.0,100,2,2
93003100,283745,0,0,103.0,100,2,2
93003250,284293,0,0,96.23,200,1,2
93003250,284413,0,0,102.2,300,2,2
93003250,284875,0,0,98.0,100,1,2
93003250,180484,0,0,100.0,100,3,2
93003250,285425,0,0,102.57,100,2,2
93003250,285444,0,0,100.62,100,1,2
93003250,285689,0,0,101.57,300,2,2
93003400,237481,0,0,100.5,100,3,2
93003400,286126,0,0,100.8,200,1,2
93003540,287764,0,0,102.27,200,2,2
93003540,248157,0,0,100.02,600,3,2
93003540,288713,0,0,100.8,100,1,2
93003540,288714,0,0,100.8,100,1,2
93003540,288933,0,0,103.4,100,2,2
93003540,289129,0,0,102.68,200,2,2
93003690,289831,0,0,101.99,100,2,2
93003690,290597,0,0,102.0,100,2,2
93003690,290747,0,0,110.95,1000,2,2
93003830,291423,0,0,103.95,200,2,2
93003920,293652,0,0,110.95,2600,2,2
93004050,294650,0,0,104.22,200,2,2
93004050,295745,0,0,109.0,400,2,2
93004190,296573,0,0,95.0,100,1,2
93004190,296662,0,0,110.0,1000,2,2
93004190,297215,0,0,101.9,200,2,2
93004190,297374,0,0,101.71,400,2,2
93004340,298842,0,0,100.4,200,1,2
93004340,298991,0,0,99.57,200,1,2
93004470,129057,0,0,102.86,200,4,2
93004630,301779,0,0,103.34,100,2,2
93004630,301790,0,0,103.57,200,2,2
93004630,302395,0,0,101.68,200,2,2
93004630,302516,0,0,99.97,100,1,2
93004630,302761,0,0,99.9,300,1,2
93004780,303751,0,0,100.85,100,2,2
93004780,303908,0,0,101.57,200,2,2
93004920,0,305086,303751,100.85,100,1,0
93004920,0,305086,97862,100.86,400,1,0
93004920,0,286126,306387,100.8,200,2,0
93004920,0,288713,306387,100.8,100,2,0
93004920,0,288714,306387,100.8,100,2,0
93004920,268371,0,0,100.57,100,3,2
93004920,306387,0,0,100.8,800,2,2
93004920,306611,0,0,110.95,100,2,2
93005070,306781,0,0,100.18,200,1,2
93005070,307012,0,0,100.85,100,2,2
93005070,43995,0,0,99.98,100,3,2
93005210,308743,0,0,101.46,100,2,2
93005210,309371,0,0,98.03,300,1,2
93005210,309394,0,0,105.57,100,2,2
93005210,309577,0,0,101.5,4900,2,2
93005210,309689,0,0,98.1,200,1,2
93005210,309932,0,0,103.0,100,2,2
93005210,310204,0,0,102.5,100,2,2
93005370,310289,0,0,100.6,100,1,2
93005370,310461,0,0,104.88,200,2,2
93005460,311347,0,0,102.99,100,2,2
93005460,311540,0,0,99.88,100,1,2
93005460,311848,0,0,103.99,100,2,2
93005460,311854,0,0,104.99,100,2,2
93005460,311933,0,0,105.99,100,2,2
93005460,311947,0,0,103.18,200,2,2
93005460,312402,0,0,99.95,100,1,2
93005460,313035,0,0,100.57,100,1,2
93005610,314047,0,0,100.0,100,1,2
93005610,314144,0,0,100.0,100,1,2
93005760,315881,0,0,98.5,200,1,2
93005760,316180,0,0,105.0,200,2,2
93005910,317093,0,0,102.57,100,2,2
93005910,318076,0,0,103.88,100,2,2
93006060,319585,0,0,97.17,100,1,2
93006060,319619,0,0,100.36,100,1,2
93006060,193703,0,0,99.8,1000,3,2
93006170,319984,0,0,99.8,200,1,2
93006170,320239,0,0,100.6,1300,1,2
93006170,321077,0,0,98.2,500,1,2
93006170,321103,0,0,100.79,100,2,2
93006170,321571,0,0,99.16,100,1,2
93006320,0,322906,321103,100.79,100,1,0
93006320,0,322950,306387,100.8,100,1,0
93006320,321990,0,0,100.36,500,1,2
93006320,322065,0,0,100.0,500,1,2
93006320,322339,0,0,100.61,300,1,2
93006320,322742,0,0,103.0,100,2,2
93006320,323211,0,0,103.0,100,2,2
93006320,323448,0,0,100.97,100,2,2
93006460,324635,0,0,102.45,400,2,2
93006620,326283,0,0,102.57,1800,2,2
93006620,326474,0,0,100.6,100,1,2
93006820,327302,0,0,101.9,100,2,2
93006820,327645,0,0,99.8,100,1,2
93006820,327803,0,0,100.58,200,1,2
93006820,328239,0,0,102.0,100,2,2
93006820,328979,0,0,105.56,200,2,2
93006980,329175,0,0,100.34,200,1,2
93006980,329715,0,0,99.6,200,1,2
93006980,330597,0,0,99.18,1000,1,2
93006980,330752,0,0,100.6,100,1,2
93007120,331447,0,0,103.0,200,2,2
93007270,332745,0,0,103.6,200,2,2
93007270,332766,0,0,99.58,500,1,2
93007360,0,334489,306387,100.8,100,1,0
93007360,334565,0,0,100.6,100,1,2
93007510,0,285444,335649,100.62,100,2,0
93007510,0,322339,335649,100.61,100,2,0
93007510,0,322339,336351,100.61,100,2,0
93007510,335886,0,0,99.03,500,1,2
93007660,337535,0,0,100.99,300,2,2
93007660,337598,0,0,100.75,100,2,2
93007660,338320,0,0,104.68,100,2,2
93007660,338348,0,0,100.57,100,1,2
93007790,182327,0,0,97.0,100,3,2
93007940,340810,0,0,102.6,100,2,2
93007940,340957,0,0,100.98,100,2,2
93007940,341317,0,0,99.8,100,1,2
93008090,343050,0,0,100.6,200,1,2
93008090,344196,0,0,101.99,100,2,2
93008230,344419,0,0,102.99,200,2,2
93008230,344651,0,0,103.99,300,2,2
93008230,344946,0,0,99.87,4800,1,2
93008230,345248,0,0,98.0,100,1,2
93008230,345323,0,0,103.0,100,2,2
93008230,345851,0,0,96.0,100,1,2
93008380,0,346770,337598,100.75,100,1,0
93008380,346647,0,0,100.6,100,1,2
93008380,346752,0,0,100.79,100,2,2
93008380,217771,0,0,99.58,300,3,2
93008380,347497,0,0,103.86,100,2,2
93008530,348191,0,0,103.27,100,2,2
93008690,350216,0,0,99.0,100,1,2
93008690,116013,0,0,101.5,200,4,2
93008690,199070,0,0,100.1,100,3,2
93008830,0,322339,351655,100.61,100,2,0
93008830,0,282026,351655,100.6,100,2,0
93008830,245450,0,0,100.01,100,3,2
93008830,352723,0,0,99.0,100,1,2
93008830,352812,0,0,99.86,100,1,2
93008830,352953,0,0,102.2,100,2,2
93009270,356972,0,0,100.0,200,1,2
93009270,281565,0,0,100.57,200,3,2
93009270,358326,0,0,101.1,100,2,2
93009420,0,282026,359118,100.6,100,2,0
93009420,359101,0,0,100.01,1200,1,2
93009420,359179,0,0,100.45,100,1,2
93009490,359461,0,0,100.6,200,1,2
93009490,360065,0,0,102.5,200,2,2
93009630,361771,0,0,100.85,700,2,2
93009790,280973,0,0,101.0,100,4,2
93009790,363649,0,0,106.57,500,2,2
93009940,0,310289,366196,100.6,100,2,0
93009940,0,320239,366196,100.6,1100,2,0
93009940,365532,0,0,102.42,100,2,2
93010080,0,366768,346752,100.79,100,1,0
93010080,0,367018,306387,100.8,400,1,0
93010080,0,367019,306387,100.8,200,1,0
93010080,367019,0,0,100.8,100,1,2
93010080,367022,0,0,100.8,100,1,2
93010080,367086,0,0,100.0,100,1,2
93010150,367767,0,0,105.0,100,2,2
93010150,368080,0,0,102.9,300,2,2
93010300,369223,0,0,103.19,100,2,2
93010300,370027,0,0,100.01,100,1,2
93010300,253903,0,0,100.33,10000,3,2
93010530,372573,0,0,100.34,100,1,2
93010530,373133,0,0,96.5,1800,1,2
93010670,374721,0,0,99.61,200,1,2
93010810,0,367019,376031,100.8,100,2,0
93010810,375453,0,0,99.8,300,1,2
93010810,375477,0,0,101.5,200,2,2
93010810,375804,0,0,100.8,400,1,2
93010810,376549,0,0,101.6,100,2,2
93010810,247762,0,0,100.57,900,3,2
93011010,0,367022,377134,100.8,100,2,0
93011010,0,375804,377134,100.8,300,2,0
93011010,0,375804,377136,100.8,100,2,0
93011010,0,320239,377136,100.6,200,2,0
93011010,0,326474,377136,100.6,100,2,0
93011010,0,330752,377136,100.6,100,2,0
93011010,377663,0,0,100.0,200,1,2
93011010,378616,0,0,101.65,100,2,2
93011210,0,380445,307012,100.85,100,1,0
93011210,379816,0,0,99.5,100,1,2
93011360,0,334565,381145,100.6,100,2,0
93011360,381125,0,0,101.5,100,2,2
93011360,381608,0,0,100.62,100,1,2
93011360,382437,0,0,100.8,100,2,2
93011360,382724,0,0,100.8,100,2,2
93011500,383303,0,0,100.8,100,2,2
93011500,383421,0,0,100.8,100,2,2
93011500,383435,0,0,100.8,100,2,2
93011500,383673,0,0,100.8,100,2,2
93011500,383789,0,0,98.89,200,1,2
93011500,383928,0,0,100.8,100,2,2
93011500,384099,0,0,100.8,100,2,2
93011500,384394,0,0,98.18,500,1,2
93011500,384484,0,0,98.0,100,1,2
93011640,384656,0,0,101.8,400,2,2
93011640,384678,0,0,102.0,100,2,2
93011640,385847,0,0,100.38,200,1,2
93011640,385933,0,0,95.0,100,1,2
93011640,385996,0,0,102.0,100,2,2
93011790,386361,0,0,100.6,100,1,2
93011790,387020,0,0,96.1,100,1,2
93011970,388554,0,0,100.63,100,1,2
93011970,388608,0,0,100.74,100,2,2
93011970,388725,0,0,100.8,100,2,2
93011970,388833,0,0,100.0,100,1,2
93011970,389537,0,0,98.02,700,1,2
93012110,390200,0,0,102.0,400,2,2
93012110,391186,0,0,100.36,1000,1,2
93012260,391933,0,0,110.0,400,2,2
93012260,392754,0,0,100.8,100,2,2
93012390,0,394397,388608,100.74,100,1,0
93012390,393347,0,0,100.6,100,1,2
93012390,394294,0,0,102.57,800,2,2
93012390,394797,0,0,99.8,500,1,2
93012540,395359,0,0,105.0,100,2,2
93012840,398601,0,0,101.36,700,2,2
93012930,0,400624,382437,100.8,100,1,0
93012930,0,400624,382724,100.8,100,1,0
93012930,0,400624,383303,100.8,100,1,0
93012930,0,400624,383421,100.8,100,1,0
93012930,0,400624,383435,100.8,100,1,0
93012930,0,400624,383673,100.8,100,1,0
93012930,0,400624,383928,100.8,100,1,0
93012930,0,400624,384099,100.8,100,1,0
93012930,0,400624,388725,100.8,100,1,0
93012930,0,400624,392754,100.8,100,1,0
93012930,0,400624,361771,100.85,700,1,0
93012930,0,400624,97862,100.86,1000,1,0
93012930,0,400624,111506,100.86,100,1,0
93012930,0,400624,401048,100.86,300,2,0
93012930,400624,0,0,100.86,700,1,2
93012930,400675,0,0,100.8,100,1,2
93013130,0,400624,402262,100.86,400,2,0
93013130,0,400675,402262,100.8,100,2,0
93013130,0,388554,402262,100.63,100,2,0
93013130,0,381608,402262,100.62,100,2,0
93013130,0,343050,402262,100.6,200,2,0
93013130,0,346647,402262,100.6,100,2,0
93013130,401465,0,0,100.6,100,1,2
93013130,402166,0,0,101.99,100,2,2
93013130,402206,0,0,100.6,100,1,2
93013130,402293,0,0,100.6,200,1,2
93013130,402360,0,0,101.2,400,2,2
93013130,394797,0,0,99.8,500,3,2
93013130,402663,0,0,100.86,100,1,2
93013270,0,402663,403444,100.86,100,2,0
93013270,403669,0,0,100.6,100,1,2
93013270,403799,0,0,106.0,100,2,2
93013270,404058,0,0,100.8,100,1,2
93013400,404925,0,0,100.79,100,1,2
93013400,207204,0,0,100.07,100,3,2
93013400,405108,0,0,101.1,100,2,2
93013400,405262,0,0,97.0,100,1,2
93013400,405924,0,0,100.8,1400,1,2
93013400,406019,0,0,101.77,400,2,2
93013550,407334,0,0,100.6,3800,1,2
93013690,408033,0,0,102.02,300,2,2
93013690,409310,0,0,108.9,200,2,2
93013830,0,404058,410281,100.8,100,2,0
93013830,0,405924,410281,100.8,200,2,0
93013830,410551,0,0,100.86,600,2,2
93013980,411934,0,0,102.49,100,2,2
93014120,412896,0,0,100.01,100,1,2
93014120,412989,0,0,100.8,200,1,2
93014260,414740,0,0,102.7,100,2,2
93014470,417215,0,0,110.95,300,2,2
93014470,417785,0,0,100.6,100,1,2
93014630,418116,0,0,100.6,100,1,2
93014630,418441,0,0,98.99,100,1,2
93014710,0,405924,418916,100.8,100,2,0
93014710,0,405924,418917,100.8,100,2,0
93014710,420226,0,0,102.57,500,2,2
93014850,0,405924,421177,100.8,200,2,0
93014850,0,405924,421218,100.8,100,2,0
93014850,420759,0,0,100.8,100,1,2
93014970,0,405924,423060,100.8,100,2,0
93014970,0,405924,423232,100.8,100,2,0
93014970,0,405924,423429,100.8,100,2,0
93014970,0,405924,423599,100.8,100,2,0
93014970,0,405924,423613,100.8,100,2,0
93014970,422649,0,0,102.0,200,2,2
93014970,422853,0,0,100.85,100,2,2
93014970,158712,0,0,100.11,100,3,2
93015110,0,405924,423729,100.8,100,2,0
93015110,0,405924,423734,100.8,100,2,0
93015110,0,412989,423902,100.8,100,2,0
93015110,0,412989,423950,100.8,100,2,0
93015110,0,420759,424303,100.8,100,2,0
93015110,424998,0,0,98.0,100,1,2
93015240,426346,0,0,100.8,100,2,2
93015240,426464,0,0,100.8,100,2,2
93015380,0,404925,426744,100.79,100,2,0
93015380,0,359461,427634,100.6,100,2,0
93015380,426716,0,0,93.88,100,1,2
93015380,426900,0,0,100.8,100,2,2
93015380,426904,0,0,100.8,100,2,2
93015380,427045,0,0,100.79,100,2,2
93015380,427869,0,0,106.57,300,2,2
93015510,428832,0,0,100.8,100,2,2
93015510,429003,0,0,97.0,300,1,2
93015510,112852,0,0,108.86,100,4,2
93015660,429882,0,0,100.6,200,1,2
93015660,430303,0,0,100.45,300,1,2
93015660,418116,0,0,100.6,100,3,2
93015660,430821,0,0,100.63,100,2,2
93015660,430913,0,0,100.0,100,1,2
93015660,431055,0,0,99.1,100,1,2
93015660,431127,0,0,101.12,100,2,2
93015790,0,432446,430821,100.63,100,1,0
93015790,0,432446,427045,100.79,100,1,0
93015790,0,432446,426346,100.8,100,1,0
93015790,0,432446,426464,100.8,100,1,0
93015790,0,432446,426900,100.8,100,1,0
93015790,0,432446,426904,100.8,100,1,0
93015790,0,432446,428832,100.8,100,1,0
93015790,0,432446,422853,100.85,100,1,0
93015790,0,432446,410551,100.86,600,1,0
93015790,432446,0,0,100.88,100,1,2
93015930,432941,0,0,100.8,100,1,2
93015930,433133,0,0,97.2,100,1,2
93015930,433172,0,0,98.0,100,1,2
93016070,0,432446,435061,100.88,100,2,0
93016210,436187,0,0,100.33,100,1,2
93016210,436285,0,0,102.0,100,2,2
93016360,437883,0,0,101.5,100,2,2
93016410,437956,0,0,100.88,100,1,2
93016550,0,437956,439662,100.88,100,2,0
93016550,0,432941,439662,100.8,100,2,0
93016550,0,359461,439662,100.6,100,2,0
93016550,439735,0,0,103.0,100,2,2
93016550,440548,0,0,99.01,400,1,2
93016550,440568,0,0,101.9,100,2,2
93016710,275114,0,0,100.57,200,3,2
93016710,441780,0,0,100.19,100,1,2
93016710,441972,0,0,99.1,200,1,2
93016710,442214,0,0,102.55,100,2,2
93016710,442553,0,0,100.6,100,1,2
93016830,443996,0,0,99.0,100,1,2
93016970,444191,0,0,108.1,100,2,2
93016970,445294,0,0,104.0,100,2,2
93017100,446477,0,0,100.79,100,1,2
93017100,446484,0,0,99.6,100,1,2
93017100,446523,0,0,100.5,100,1,2
93017100,226847,0,0,100.06,200,3,2
93017100,447232,0,0,100.1,100,1,2
93017240,0,446477,448442,100.79,100,2,0
93017240,448114,0,0,101.58,500,2,2
93017240,448401,0,0,100.6,100,1,2
93017380,449335,0,0,100.37,100,1,2
93017380,449921,0,0,100.0,100,1,2
93017380,298991,0,0,99.57,200,3,2
93017380,223384,0,0,99.96,100,3,2
93017500,450638,0,0,100.8,100,2,2
93017560,451039,0,0,100.79,1100,2,2
93017700,0,386361,453811,100.6,100,2,0
93017700,216354,0,0,100.06,200,3,2
93017700,452753,0,0,100.79,1200,2,2
93017700,453110,0,0,101.98,100,2,2
93017700,453784,0,0,100.53,300,1,2
93017830,453903,0,0,100.61,100,1,2
93017830,454566,0,0,103.0,100,2,2
93017830,454792,0,0,100.6,200,1,2
93017960,0,453903,455637,100.61,100,2,0
93017960,327803,0,0,100.58,200,3,2
93017960,455558,0,0,110.95,300,2,2
93017960,456060,0,0,100.8,100,2,2
93017960,456062,0,0,100.8,100,2,2
93017970,456359,0,0,98.6,100,1,2
93018090,457426,0,0,99.08,200,1,2
93018090,457446,0,0,100.8,100,2,2
93018090,457541,0,0,100.6,200,1,2
93018090,457606,0,0,102.0,100,2,2
93018230,337535,0,0,100.99,300,4,2
93018230,459316,0,0,100.79,300,2,2
93018360,460199,0,0,100.78,100,2,2
93018360,460261,0,0,101.6,100,2,2
93018480,0,393347,461683,100.6,100,2,0
93018480,217386,0,0,100.1,100,3,2
93018540,462905,0,0,98.8,200,1,2
93018670,463919,0,0,100.63,300,2,2
93018670,463929,0,0,100.6,100,1,2
93018670,463930,0,0,100.58,100,1,2
93018670,463974,0,0,100.8,100,2,2
93018670,463986,0,0,100.8,100,2,2
93018790,0,401465,464751,100.6,100,2,0
93018790,0,402206,464751,100.6,100,2,0
93018790,0,402293,464751,100.6,200,2,0
93018790,0,403669,464751,100.6,100,2,0
93018790,276744,0,0,100.57,200,3,2
93018790,464926,0,0,98.0,100,1,2
93018790,313035,0,0,100.57,100,3,2
93018790,465757,0,0,100.8,100,2,2
93018910,466221,0,0,100.8,100,2,2
93018920,467119,0,0,100.8,100,2,2
93018920,467120,0,0,100.86,100,2,2
93018920,467124,0,0,101.0,100,2,2
93018920,467125,0,0,100.86,100,2,2
93018920,467224,0,0,100.8,100,2,2
93019080,0,469536,463919,100.63,100,1,0
93019080,0,469538,463919,100.63,200,1,0
93019080,0,407334,469541,100.6,100,2,0
93019080,0,469543,469394,100.63,100,1,0
93019080,0,469543,469395,100.63,100,1,0
93019080,468257,0,0,100.79,100,2,2
93019080,468587,0,0,100.86,100,2,2
93019080,469394,0,0,100.63,100,2,2
93019080,469395,0,0,100.63,100,2,2
93019080,469444,0,0,108.0,300,2,2
93019080,469479,0,0,100.85,100,2,2
93019080,469517,0,0,100.86,100,2,2
93019080,469543,0,0,100.63,100,1,2
93019080,469544,0,0,100.63,300,1,2
93019080,469546,0,0,100.63,100,1,2
93019220,0,469543,470881,100.63,100,2,0
93019220,0,469544,470986,100.63,100,2,0
93019220,469645,0,0,100.63,200,1,2
93019220,469646,0,0,100.63,300,1,2
93019220,470840,0,0,100.6,200,1,2
93019350,0,469544,471311,100.63,100,2,0
93019350,471842,0,0,100.6,100,1,2
93019350,472476,0,0,101.18,300,2,2
93019470,459316,0,0,100.79,300,4,2
93019470,469546,0,0,100.63,100,3,2
93019550,473533,0,0,100.6,200,1,2
93019550,469544,0,0,100.63,100,3,2
93019550,469645,0,0,100.63,200,3,2
93019550,469646,0,0,100.63,300,3,2
93019650,474076,0,0,100.8,600,2,2
93019710,0,407334,474817,100.6,3700,2,0
93019760,475264,0,0,100.6,200,1,2
93019760,468257,0,0,100.79,100,4,2
93019850,0,417785,475966,100.6,100,2,0
93019850,0,429882,475966,100.6,200,2,0
93019850,0,442553,475966,100.6,100,2,0
93019850,465757,0,0,100.8,100,4,2
93019850,476045,0,0,100.63,100,2,2
93019930,463974,0,0,100.8,100,4,2
93019930,463986,0,0,100.8,100,4,2
93020210,0,448401,478362,100.6,100,2,0
93020210,0,454792,478362,100.6,200,2,0
93020300,0,478968,476045,100.63,100,1,0
93020440,0,457541,480000,100.6,100,2,0
93020470,480143,0,0,100.61,200,2,2
93020490,480275,0,0,100.5,100,1,2
93020550,0,457541,480648,100.6,100,2,0
93020580,0,463929,480737,100.6,100,2,0
93020790,482139,0,0,100.6,1000,1,2
93020880,482618,0,0,100.6,600,1,2
93021210,452753,0,0,100.79,1200,4,2
93021250,485138,0,0,99.0,500,1,2
93021310,0,470840,485493,100.6,200,2,0
93021560,0,471842,486993,100.6,100,2,0
93021560,0,473533,486993,100.6,100,2,0
93021600,487149,0,0,100.33,100,1,2
93021640,0,487574,480143,100.61,200,1,0
93021640,487574,0,0,100.7,700,1,2
93021830,451039,0,0,100.79,1100,4,2
93021830,488835,0,0,100.77,200,2,2
93021880,0,487574,488888,100.7,500,2,0
93021890,0,487574,488949,100.7,100,2,0
93021890,0,487574,488967,100.7,100,2,0
93021890,488967,0,0,100.7,400,2,2
93021890,488976,0,0,100.7,600,2,2
93021890,488983,0,0,100.7,500,2,2
93021890,489081,0,0,100.7,400,2,2
93022060,0,490067,488967,100.7,200,1,0
93022090,490332,0,0,100.7,400,2,2
93022090,460199,0,0,100.78,100,4,2
93022130,490381,0,0,100.69,700,2,2
93022130,490409,0,0,100.7,100,2,2
93022140,490495,0,0,100.7,300,2,2
93022670,493103,0,0,100.6,100,1,2
93022810,493928,0,0,100.61,200,1,2
93023040,495019,0,0,100.7,800,2,2
93023210,496111,0,0,103.98,200,2,2
93023700,498609,0,0,100.7,100,2,2
93023740,498718,0,0,100.7,100,2,2
93023740,498719,0,0,100.7,100,2,2
93024090,500364,0,0,103.5,200,2,2
93024170,0,493928,500645,100.61,100,2,0
93024220,501118,0,0,100.7,400,2,2
93024260,501333,0,0,100.77,100,2,2
93024340,501333,0,0,100.77,100,4,2
93024710,503281,0,0,102.0,400,2,2
93024880,0,493928,504038,100.61,100,2,0
93024880,504038,0,0,100.61,100,2,2
93024880,504044,0,0,100.61,100,2,2
93024880,504059,0,0,100.61,100,2,2
93024880,504155,0,0,100.68,100,2,2
93024920,504196,0,0,100.61,100,2,2
93024920,488967,0,0,100.7,200,4,2
93024920,504264,0,0,100.68,100,2,2
93024920,504265,0,0,100.61,100,2,2
93024920,488976,0,0,100.7,600,4,2
93024930,504378,0,0,100.68,900,2,2
93025290,506147,0,0,100.68,100,2,2
93025450,0,506600,504038,100.61,100,1,0
93025450,0,473533,506637,100.6,100,2,0
93025450,0,475264,506637,100.6,200,2,0
93025450,0,482139,506637,100.6,1000,2,0
93025450,0,482618,506637,100.6,600,2,0
93025450,0,493103,506637,100.6,100,2,0
93025450,506628,0,0,100.61,2000,2,2
93025450,506641,0,0,100.7,400,2,2
93025560,507464,0,0,100.61,100,2,2
93025560,507472,0,0,100.66,100,2,2
93025560,507473,0,0,100.66,100,2,2
93025710,508106,0,0,100.5,100,1,2
93025710,508183,0,0,100.66,100,2,2
93025710,508233,0,0,100.66,100,2,2
93026010,509419,0,0,101.94,200,2,2
93026090,0,509753,504044,100.61,100,1,0
93026130,510101,0,0,100.63,100,2,2
93026130,510102,0,0,100.63,100,2,2
93026130,510104,0,0,100.63,200,2,2
93026160,510265,0,0,100.61,100,2,2
93026200,495019,0,0,100.7,800,4,2
93026310,510942,0,0,100.6,900,2,2
93026470,511677,0,0,100.63,100,2,2
93026470,511704,0,0,100.63,100,2,2
93026630,512548,0,0,102.0,200,2,2
93026710,0,463930,512909,100.58,100,2,0
93026710,0,275705,512919,100.57,100,2,0
93026710,0,275705,512955,100.57,100,2,0
93026710,0,338348,512979,100.57,100,2,0
93026710,512982,0,0,100.57,100,2,2
93026710,512983,0,0,100.57,100,2,2
93026860,513562,0,0,100.61,1300,2,2
93027040,514347,0,0,102.57,2400,2,2
93027250,515208,0,0,100.61,100,2,2
93027250,515289,0,0,100.58,100,2,2
93027410,0,516082,512982,100.57,100,1,0
93027500,0,453784,516381,100.53,100,2,0
93027500,0,453784,516382,100.53,100,2,0
93027830,0,453784,517768,100.53,100,2,0
93027830,0,10458,517768,100.5,100,2,0
93027830,510265,0,0,100.61,100,4,2
93027830,504059,0,0,100.61,100,4,2
93027870,0,72436,517886,100.5,200,2,0
93027870,0,83672,517886,100.5,200,2,0
93027870,0,159246,517886,100.5,200,2,0
93027870,0,166047,517886,100.5,200,2,0
93027870,0,261317,517886,100.5,100,2,0
93027870,0,446523,517886,100.5,100,2,0
93027870,0,480275,517886,100.5,100,2,0
93027870,0,508106,517886,100.5,100,2,0
93027870,517785,0,0,100.53,100,2,2
93027870,517790,0,0,100.53,100,2,2
93027870,456062,0,0,100.8,100,4,2
93027870,457446,0,0,100.8,100,4,2
93027870,517793,0,0,100.53,100,2,2
93027870,517794,0,0,100.53,100,2,2
93027870,517806,0,0,100.52,1600,2,2
93027870,450638,0,0,100.8,100,4,2
93027870,517851,0,0,100.53,100,2,2
93027870,504196,0,0,100.61,100,4,2
93027870,517854,0,0,100.56,100,2,2
93027870,517886,0,0,100.5,800,2,2
93027870,488983,0,0,100.7,500,4,2
93027870,517888,0,0,100.53,100,2,2
93027870,517889,0,0,100.53,100,2,2
93027870,517890,0,0,100.53,100,2,2
93027870,517895,0,0,100.53,100,2,2
93027870,517916,0,0,100.53,100,2,2
93027900,0,517981,517886,100.5,100,1,0
93027900,517960,0,0,100.56,700,2,2
93027900,517993,0,0,100.53,100,2,2
93027900,517995,0,0,100.53,100,2,2
93027900,517997,0,0,100.53,100,2,2
93027900,518016,0,0,100.51,100,2,2
93027900,518031,0,0,100.51,100,2,2
93027930,0,359179,518102,100.45,100,2,0
93027930,0,430303,518102,100.45,300,2,0
93027930,518060,0,0,100.53,100,2,2
93027930,518061,0,0,100.53,100,2,2
93027930,518065,0,0,100.53,100,2,2
93027930,518070,0,0,100.53,100,2,2
93027930,518102,0,0,100.45,1400,2,2
93027930,518119,0,0,100.56,100,2,2
93028020,504265,0,0,100.61,100,4,2
93028190,517916,0,0,100.53,100,4,2
93028440,520283,0,0,100.53,500,2,2
93028500,520537,0,0,100.49,100,2,2
93028500,520555,0,0,100.49,100,2,2
93028500,506147,0,0,100.68,100,4,2
93028500,504264,0,0,100.68,100,4,2
93028910,0,522261,518102,100.45,100,1,0
93028910,0,522270,518102,100.45,200,1,0
93029030,522713,0,0,100.49,100,2,2
93029030,508183,0,0,100.66,100,4,2
93029030,508233,0,0,100.66,100,4,2
93029030,507473,0,0,100.66,100,4,2
93029100,523081,0,0,100.52,100,2,2
93029140,523393,0,0,100.46,100,2,2
93029140,507472,0,0,100.66,100,4,2
93029140,511677,0,0,100.63,100,4,2
93029140,523403,0,0,100.46,100,2,2
93029140,523405,0,0,100.46,100,2,2
93029170,0,523509,518102,100.45,100,1,0
93029170,511704,0,0,100.63,100,4,2
93029300,524033,0,0,100.5,900,2,2
93029300,524034,0,0,100.5,500,2,2
93029530,524954,0,0,100.46,100,2,2
93029530,510104,0,0,100.63,200,4,2
93029690,525670,0,0,100.61,100,2,2
93029730,525714,0,0,100.61,100,2,2
93029730,525716,0,0,100.61,100,2,2
93029770,0,298842,525814,100.4,100,2,0
93029770,0,298842,525815,100.4,100,2,0
93029770,525816,0,0,100.4,100,2,2
93029770,525839,0,0,100.61,100,2,2
93029770,525900,0,0,100.4,100,2,2
93029770,510102,0,0,100.63,100,4,2
93029770,510101,0,0,100.63,100,4,2
93029770,515289,0,0,100.58,100,4,2
93030000,526855,0,0,103.0,100,2,2
93030150,527512,0,0,100.4,100,2,2
93030280,528208,0,0,100.56,700,2,2
93030400,517895,0,0,100.53,100,4,2
93030440,529088,0,0,100.53,100,2,2
93030470,0,385847,529167,100.38,100,2,0
93030810,0,385847,530592,100.38,100,2,0
93030810,517993,0,0,100.53,100,4,2
93030810,517995,0,0,100.53,100,4,2
93030810,518060,0,0,100.53,100,4,2
93030810,518070,0,0,100.53,100,4,2
93030810,518065,0,0,100.53,100,4,2
93030810,518061,0,0,100.53,100,4,2
93030810,530629,0,0,100.38,100,2,2
93030840,0,530735,530629,100.38,100,1,0
93030840,530657,0,0,100.38,100,2,2
93030840,517790,0,0,100.53,100,4,2
93030840,517793,0,0,100.53,100,4,2
93030840,517785,0,0,100.53,100,4,2
93030840,517997,0,0,100.53,100,4,2
93030840,530725,0,0,100.38,100,2,2
93030840,517886,0,0,100.5,700,4,2
93030840,506628,0,0,100.61,2000,4,2
93030840,520283,0,0,100.53,500,4,2
93030840,530769,0,0,100.38,100,2,2
93030880,530829,0,0,100.38,100,2,2
93030880,530830,0,0,100.38,100,2,2
93030880,530833,0,0,100.38,100,2,2
93030880,530836,0,0,100.38,100,2,2
93030880,530837,0,0,100.38,100,2,2
93030880,530840,0,0,100.39,800,2,2
93030880,530862,0,0,100.38,100,2,2
93030880,517890,0,0,100.53,100,4,2
93030910,530922,0,0,100.38,100,2,2
93030910,530923,0,0,100.38,100,2,2
93030910,530925,0,0,100.38,100,2,2
93030940,517806,0,0,100.52,1600,4,2
93030940,490381,0,0,100.69,700,4,2
93030970,531202,0,0,100.38,100,2,2
93030970,531212,0,0,100.39,100,2,2
93031040,0,449335,531515,100.37,100,2,0
93031040,0,230341,531517,100.36,100,2,0
93031040,517889,0,0,100.53,100,4,2
93031040,512983,0,0,100.57,100,4,2
93031070,518016,0,0,100.51,100,4,2
93031110,209677,0,0,100.0,100,3,2
93031110,523081,0,0,100.52,100,4,2
93031240,0,532495,530657,100.38,100,1,0
93031240,513562,0,0,100.61,1300,4,2
93031270,517888,0,0,100.53,100,4,2
93031400,0,532972,530725,100.38,100,1,0
93031400,0,532972,530769,100.38,100,1,0
93031400,0,532972,530829,100.38,100,1,0
93031400,0,532972,530830,100.38,100,1,0
93031400,532935,0,0,102.0,100,2,2
93031470,533260,0,0,100.38,100,2,2
93031470,533261,0,0,100.38,100,2,2
93031740,531202,0,0,100.38,100,4,2
93031740,531212,0,0,100.39,100,4,2
93031740,187016,0,0,102.0,200,4,2
93031810,534555,0,0,100.38,100,2,2
93031810,534556,0,0,100.39,100,2,2
93031840,534609,0,0,100.38,1100,2,2
93032030,534555,0,0,100.38,100,4,2
93032030,534556,0,0,100.39,100,4,2
93032090,535643,0,0,100.38,100,2,2
93032090,535646,0,0,100.39,100,2,2
93032210,535643,0,0,100.38,100,4,2
93032210,535646,0,0,100.39,100,4,2
93032290,536698,0,0,100.38,100,2,2
93032430,474076,0,0,100.8,600,4,2
93032560,0,537713,530833,100.38,100,1,0
93032560,0,537713,530836,100.38,100,1,0
93032630,538004,0,0,100.38,100,2,2
93032630,538005,0,0,100.38,100,2,2
93032830,539053,0,0,100.53,100,2,2
93032910,0,539278,530837,100.38,100,1,0
93032910,539300,0,0,100.37,200,1,2
93033030,285689,0,0,101.57,300,4,2
93033260,490409,0,0,100.7,100,4,2
93033290,528208,0,0,100.56,700,4,2
93033290,490495,0,0,100.7,300,4,2
93033380,541748,0,0,100.38,100,2,2
93033420,541783,0,0,100.38,100,2,2
93033420,541840,0,0,102.0,100,2,2
93033750,0,539300,543156,100.37,100,2,0
93033800,0,539300,543313,100.37,100,2,0
93033800,0,543352,530862,100.38,100,1,0
93033820,0,543507,530922,100.38,100,1,0
93033820,0,319619,543626,100.36,100,2,0
93033820,0,321990,543626,100.36,400,2,0
93033820,533261,0,0,100.38,100,4,2
93033820,538004,0,0,100.38,100,4,2
93033820,543566,0,0,100.37,100,2,2
93033820,538005,0,0,100.38,100,4,2
93033820,543577,0,0,100.37,1600,2,2
93033820,524033,0,0,100.5,900,4,2
93033820,543595,0,0,100.38,100,2,2
93033820,530923,0,0,100.38,100,4,2
93033820,530925,0,0,100.38,100,4,2
93033820,533260,0,0,100.38,100,4,2
93033820,543649,0,0,100.37,100,2,2
93033840,543728,0,0,100.37,100,2,2
93033840,543729,0,0,100.37,100,2,2
93033840,543730,0,0,100.37,100,2,2
93033840,543756,0,0,100.37,100,2,2
93033880,0,321990,543834,100.36,100,2,0
93033880,0,391186,543835,100.36,100,2,0
93033880,543783,0,0,100.37,100,2,2
93033880,518031,0,0,100.51,100,4,2
93033880,520555,0,0,100.49,100,4,2
93033880,522713,0,0,100.49,100,4,2
93033880,543851,0,0,100.37,100,2,2
93033880,543852,0,0,100.37,100,2,2
93033880,543855,0,0,100.37,100,2,2
93033900,543856,0,0,100.37,100,2,2
93033900,543857,0,0,100.37,100,2,2
93033900,543861,0,0,100.37,100,2,2
93033930,524034,0,0,100.5,500,4,2
93034160,529088,0,0,100.53,100,4,2
93034160,545058,0,0,104.49,100,2,2
93034470,543756,0,0,100.37,100,4,2
93034570,546561,0,0,100.38,100,2,2
93034570,203560,0,0,99.0,200,3,2
93034570,546589,0,0,100.0,200,1,2
93034610,546761,0,0,100.38,300,2,2
93034860,0,391186,547639,100.36,100,2,0
93034860,547720,0,0,100.56,700,2,2
93035100,548685,0,0,100.38,100,2,2
93035460,550021,0,0,100.37,100,2,2
93036200,534609,0,0,100.38,1100,4,2
93036200,553066,0,0,100.58,100,2,2
93036240,532935,0,0,102.0,100,4,2
93036280,0,553351,543566,100.37,100,1,0
93036280,0,553351,543577,100.37,200,1,0
93036310,553539,0,0,100.37,100,2,2
93036330,553655,0,0,100.37,100,2,2
93036370,543783,0,0,100.37,100,4,2
93036480,0,554332,543577,100.37,100,1,0
93036700,60632,0,0,103.0,100,4,2
93036730,541783,0,0,100.38,100,4,2
93036830,0,391186,555773,100.36,800,2,0
93036830,555789,0,0,100.36,100,2,2
93036830,543855,0,0,100.37,100,4,2
93036830,543857,0,0,100.37,100,4,2
93036830,553655,0,0,100.37,100,4,2
93036830,555799,0,0,100.36,100,2,2
93036830,543861,0,0,100.37,100,4,2
93036830,555814,0,0,100.36,400,2,2
93036860,543856,0,0,100.37,100,4,2
93036860,555873,0,0,100.36,400,2,2
93036860,543851,0,0,100.37,100,4,2
93036860,555875,0,0,100.36,100,2,2
93036860,543852,0,0,100.37,100,4,2
93036860,550021,0,0,100.37,100,4,2
93036860,555921,0,0,100.36,100,2,2
93036860,543728,0,0,100.37,100,4,2
93036860,543729,0,0,100.37,100,4,2
93036890,530840,0,0,100.39,800,4,2
93036890,517960,0,0,100.56,700,4,2
93036890,504378,0,0,100.68,900,4,2
93036890,501118,0,0,100.7,400,4,2
93036890,489081,0,0,100.7,400,4,2
93036890,555968,0,0,100.36,300,2,2
93036890,555969,0,0,100.36,100,2,2
93036890,555976,0,0,100.36,100,2,2
93036890,555978,0,0,100.36,100,2,2
93036890,555983,0,0,100.36,100,2,2
93036890,555989,0,0,100.36,100,2,2
93036890,555993,0,0,100.36,100,2,2
93036890,555994,0,0,100.36,100,2,2
93036890,555995,0,0,100.36,100,2,2
93036890,556001,0,0,100.36,100,2,2
93036920,0,556038,555789,100.36,100,1,0
93036920,0,556041,555799,100.36,100,1,0
93036920,0,556041,555814,100.36,100,1,0
93036920,556052,0,0,100.36,100,2,2
93036920,556053,0,0,100.36,100,2,2
93036920,556057,0,0,100.36,100,2,2
93036920,556074,0,0,100.36,100,2,2
93036970,556233,0,0,100.36,100,2,2
93037160,556893,0,0,100.36,500,2,2
93037160,556924,0,0,100.36,400,2,2
93037160,556974,0,0,100.36,100,2,2
93037200,0,557077,555814,100.36,200,1,0
93037230,543730,0,0,100.37,100,4,2
93037270,0,557255,555814,100.36,100,1,0
93037270,0,557255,555873,100.36,200,1,0
93037350,557435,0,0,100.36,400,2,2
93037350,504155,0,0,100.68,100,4,2
93037400,557579,0,0,100.39,800,2,2
93037450,557695,0,0,100.35,100,2,2
93037470,520537,0,0,100.49,100,4,2
93037740,543577,0,0,100.37,1300,4,2
93037780,0,276347,558921,100.34,1300,2,0
93038020,559909,0,0,100.35,300,2,2
93038050,0,560018,557695,100.35,100,1,0
93038050,0,560018,559909,100.35,300,1,0
93038050,0,560018,555873,100.36,100,1,0
93038050,559978,0,0,100.37,100,2,2
93038080,0,276347,560112,100.34,100,2,0
93038080,524954,0,0,100.46,100,4,2
93038080,539053,0,0,100.53,100,4,2
93038460,561653,0,0,100.36,100,2,2
93039210,564640,0,0,100.36,500,2,2
93039300,564917,0,0,100.36,500,2,2
93039360,565119,0,0,100.37,100,2,2
93039380,555968,0,0,100.36,300,4,2
93039380,555969,0,0,100.36,100,4,2
93039380,555976,0,0,100.36,100,4,2
93039380,555978,0,0,100.36,100,4,2
93039380,555983,0,0,100.36,100,4,2
93039410,556001,0,0,100.36,100,4,2
93039700,566503,0,0,100.37,200,2,2
93039730,566556,0,0,100.35,200,2,2
93039890,0,276347,567123,100.34,600,2,0
93039890,0,282095,567191,100.34,100,2,0
93039890,0,282095,567201,100.34,100,2,0
93039890,0,329175,567201,100.34,200,2,0
93039890,555993,0,0,100.36,100,4,2
93039890,555994,0,0,100.36,100,4,2
93039890,555989,0,0,100.36,100,4,2
93039890,555995,0,0,100.36,100,4,2
93039890,517794,0,0,100.53,100,4,2
93039890,561653,0,0,100.36,100,4,2
93039890,510942,0,0,100.6,900,4,2
93039890,555875,0,0,100.36,100,4,2
93039890,556053,0,0,100.36,100,4,2
93039890,556052,0,0,100.36,100,4,2
93039890,507464,0,0,100.61,100,4,2
93039890,556074,0,0,100.36,100,4,2
93039890,515208,0,0,100.61,100,4,2
93039920,0,372573,567211,100.34,100,2,0
93039920,0,567219,567211,100.34,100,1,0
93039920,567211,0,0,100.34,500,2,2
93039920,567212,0,0,100.34,300,2,2
93039920,567213,0,0,100.34,200,2,2
93039920,518102,0,0,100.45,1000,4,2
93039920,567265,0,0,100.34,300,2,2
93039920,567266,0,0,100.34,100,2,2
93039920,567270,0,0,100.34,100,2,2
93039920,567276,0,0,100.34,100,2,2
93039920,567288,0,0,100.34,200,2,2
93039920,567301,0,0,100.34,300,2,2
93039950,567328,0,0,100.34,700,2,2
93039950,567335,0,0,100.34,100,2,2
93039950,567338,0,0,100.34,100,2,2
93039950,567339,0,0,100.34,100,2,2
93039950,567341,0,0,100.34,100,2,2
93039950,567342,0,0,100.34,100,2,2
93039950,567343,0,0,100.34,100,2,2
93039950,567344,0,0,100.34,100,2,2
93039950,567349,0,0,100.34,200,2,2
93039950,567354,0,0,100.34,100,2,2
93039950,567380,0,0,100.35,100,2,2
93039950,517854,0,0,100.56,100,4,2
93039950,567397,0,0,100.34,100,2,2
93040030,567675,0,0,100.34,1000,2,2
93040080,541748,0,0,100.38,100,4,2
93040150,553539,0,0,100.37,100,4,2
93040150,556057,0,0,100.36,100,4,2
93040180,556893,0,0,100.36,500,4,2
93040180,490332,0,0,100.7,400,4,2
93040220,568417,0,0,100.34,100,2,2
93040260,0,568607,567211,100.34,400,1,0
93040260,0,568607,567212,100.34,100,1,0
93040790,570314,0,0,99.01,300,1,2
93040880,184454,0,0,98.0,100,3,2
93040910,0,570778,567212,100.34,100,1,0
93040910,570786,0,0,100.33,200,1,2
93041050,548685,0,0,100.38,100,4,2
93041280,572214,0,0,100.36,500,2,2
93041830,574140,0,0,99.0,200,1,2
93041990,0,574708,567212,100.34,100,1,0
93041990,0,574708,567213,100.34,200,1,0
93042100,575047,0,0,101.0,500,2,2
93042170,523405,0,0,100.46,100,4,2
93042200,575411,0,0,100.34,700,2,2
93042230,564917,0,0,100.36,500,4,2
93042230,556924,0,0,100.36,400,4,2
93042260,556974,0,0,100.36,100,4,2
93042260,575594,0,0,100.34,700,2,2
93042260,575642,0,0,98.0,100,1,2
93042260,485138,0,0,99.0,500,3,2
93042440,567265,0,0,100.34,300,4,2
93042440,567266,0,0,100.34,100,4,2
93042440,567270,0,0,100.34,100,4,2
93042440,567276,0,0,100.34,100,4,2
93042440,567301,0,0,100.34,300,4,2
93042490,567288,0,0,100.34,200,4,2
93042770,229172,0,0,103.0,200,4,2
93042830,0,436187,577675,100.33,100,2,0
93042830,0,487149,577676,100.33,100,2,0
93042830,0,570786,577676,100.33,200,2,0
93042830,567335,0,0,100.34,100,4,2
93042830,577684,0,0,100.33,100,2,2
93042830,577686,0,0,100.33,100,2,2
93042830,567339,0,0,100.34,100,4,2
93042830,577687,0,0,100.33,100,2,2
93042830,567349,0,0,100.34,200,4,2
93042830,567341,0,0,100.34,100,4,2
93042830,577708,0,0,100.33,100,2,2
93042830,577721,0,0,100.33,100,2,2
93042830,577722,0,0,100.33,100,2,2
93042830,577723,0,0,100.33,100,2,2
93042830,577724,0,0,100.33,100,2,2
93042830,577727,0,0,100.33,100,2,2
93042830,517851,0,0,100.53,100,4,2
93042830,568417,0,0,100.34,100,4,2
93042870,0,577857,577684,100.33,100,1,0
93042870,0,577857,577686,100.33,100,1,0
93042870,0,577857,577687,100.33,100,1,0
93042870,0,577857,577708,100.33,100,1,0
93042870,0,577857,577721,100.33,100,1,0
93042870,577795,0,0,100.33,100,2,2
93042870,577814,0,0,100.33,300,2,2
93042870,577815,0,0,100.33,100,2,2
93042870,523393,0,0,100.46,100,4,2
93042870,527512,0,0,100.4,100,4,2
93042870,577832,0,0,100.33,100,2,2
93042870,523403,0,0,100.46,100,4,2
93042870,577838,0,0,100.33,100,2,2
93042870,577848,0,0,100.33,200,2,2
93042900,577910,0,0,100.33,100,2,2
93042900,577912,0,0,100.33,100,2,2
93042900,577916,0,0,100.33,100,2,2
93042900,577917,0,0,100.33,100,2,2
93042900,577928,0,0,100.33,100,2,2
93042900,553066,0,0,100.58,100,4,2
93042920,577970,0,0,100.36,500,2,2
93042920,577981,0,0,100.33,100,2,2
93042920,577982,0,0,100.33,100,2,2
93042920,577983,0,0,100.33,100,2,2
93042920,578019,0,0,100.33,100,2,2
93042920,578040,0,0,100.33,100,2,2
93042920,536698,0,0,100.38,100,4,2
93042950,0,255281,578101,100.32,900,2,0
93042950,0,194342,578101,100.26,200,2,0
93042950,0,220344,578101,100.25,200,2,0
93042950,0,252761,578101,100.24,1000,2,0
93043030,577727,0,0,100.33,100,4,2
93043180,579023,0,0,100.33,200,2,2
93043220,579044,0,0,100.33,100,2,2
93043220,579052,0,0,100.33,100,2,2
93043220,579068,0,0,100.36,500,2,2
93043500,579851,0,0,100.32,100,2,2
93043500,579853,0,0,100.32,100,2,2
93043500,525816,0,0,100.4,100,4,2
93043500,579907,0,0,100.33,200,2,2
93043550,525900,0,0,100.4,100,4,2
93043590,579907,0,0,100.33,200,4,2
93043890,580992,0,0,100.34,700,2,2
93043920,543595,0,0,100.38,100,4,2
93044080,581675,0,0,100.31,100,2,2
93044080,581683,0,0,100.31,100,2,2
93044110,546561,0,0,100.38,100,4,2
93044110,555921,0,0,100.36,100,4,2
93044150,581893,0,0,100.36,100,2,2
93044460,0,582764,581675,100.31,100,1,0
93044460,0,582764,581683,100.31,100,1,0
93044550,565119,0,0,100.37,100,4,2
93044580,0,583191,579851,100.32,100,1,0
93044580,0,583191,579853,100.32,100,1,0
93044580,0,583191,577722,100.33,100,1,0
93044580,0,583191,577723,100.33,100,1,0
93044580,0,583207,577724,100.33,100,1,0
93044600,583258,0,0,100.34,2400,2,2
93044620,583305,0,0,100.33,100,2,2
93044620,583306,0,0,100.33,100,2,2
93044620,583308,0,0,100.33,100,2,2
93044930,0,584354,577795,100.33,100,1,0
93044930,584369,0,0,100.32,200,1,2
93044970,195028,0,0,100.01,200,3,2
93045000,584599,0,0,100.34,100,2,2
93045160,585083,0,0,100.34,700,2,2
93045200,525670,0,0,100.61,100,4,2
93045200,585229,0,0,100.33,200,2,2
93045340,467120,0,0,100.86,100,4,2
93045340,585359,0,0,100.33,200,2,2
93045340,585398,0,0,100.33,200,2,2
93045340,468587,0,0,100.86,100,4,2
93045340,467125,0,0,100.86,100,4,2
93045340,585836,0,0,100.34,100,2,2
93045380,466221,0,0,100.8,100,4,2
93045380,577814,0,0,100.33,300,4,2
93045380,577815,0,0,100.33,100,4,2
93045440,498718,0,0,100.7,100,4,2
93045670,0,584369,587030,100.32,100,2,0
93045710,498609,0,0,100.7,100,4,2
93045740,525714,0,0,100.61,100,4,2
93045800,566503,0,0,100.37,200,4,2
93045820,587606,0,0,100.33,100,2,2
93045850,0,584369,587648,100.32,100,2,0
93045850,587648,0,0,100.32,900,2,2
93045850,587649,0,0,100.32,400,2,2
93045850,587650,0,0,100.32,100,2,2
93045850,587658,0,0,100.32,100,2,2
93045850,577910,0,0,100.33,100,4,2
93045850,587670,0,0,100.32,100,2,2
93045850,577983,0,0,100.33,100,4,2
93045850,556233,0,0,100.36,100,4,2
93045850,587675,0,0,100.32,100,2,2
93045850,577982,0,0,100.33,100,4,2
93045850,577981,0,0,100.33,100,4,2
93045850,577912,0,0,100.33,100,4,2
93045850,567343,0,0,100.34,100,4,2
93045850,578019,0,0,100.33,100,4,2
93045850,587684,0,0,100.32,100,2,2
93045850,577916,0,0,100.33,100,4,2
93045850,583305,0,0,100.33,100,4,2
93045850,587685,0,0,100.32,100,2,2
93045850,567342,0,0,100.34,100,4,2
93045850,583306,0,0,100.33,100,4,2
93045850,587720,0,0,100.32,100,2,2
93045850,587722,0,0,100.32,100,2,2
93045850,543649,0,0,100.37,100,4,2
93045850,577917,0,0,100.33,100,4,2
93045860,577928,0,0,100.33,100,4,2
93045860,587786,0,0,100.32,100,2,2
93045860,587788,0,0,100.32,100,2,2
93045860,587809,0,0,100.32,100,2,2
93045890,467124,0,0,101.0,100,4,2
93045920,587897,0,0,100.32,100,2,2
93045920,587898,0,0,100.32,100,2,2
93045920,587899,0,0,100.32,100,2,2
93045920,587900,0,0,100.32,100,2,2
93045920,587901,0,0,100.32,100,2,2
93045920,587903,0,0,100.32,100,2,2
93045920,587904,0,0,100.32,100,2,2
93045920,587905,0,0,100.32,100,2,2
93045920,587907,0,0,100.32,100,2,2
93045920,587908,0,0,100.32,100,2,2
93045920,587919,0,0,100.32,200,2,2
93045920,587989,0,0,100.32,100,2,2
93045920,469479,0,0,100.85,100,4,2
93045920,588028,0,0,100.33,100,2,2
93045960,588121,0,0,100.33,200,2,2
93046030,587658,0,0,100.32,100,4,2
93046030,587685,0,0,100.32,100,4,2
93046080,588540,0,0,100.33,100,2,2
93046120,525716,0,0,100.61,100,4,2
93046160,588713,0,0,100.3,600,2,2
93046190,467224,0,0,100.8,100,4,2
93046220,467119,0,0,100.8,100,4,2
93046340,525839,0,0,100.61,100,4,2
93046400,589518,0,0,100.32,2100,2,2
93046490,589837,0,0,100.33,100,2,2
93046510,589862,0,0,100.33,100,2,2
93046510,498719,0,0,100.7,100,4,2
93046540,469517,0,0,100.86,100,4,2
93046540,589970,0,0,100.36,100,2,2
93046600,590111,0,0,100.33,100,2,2
93046600,587809,0,0,100.32,100,4,2
93046680,590471,0,0,100.32,100,2,2
93046780,590706,0,0,100.33,100,2,2
93046780,590471,0,0,100.32,100,4,2
93046880,591178,0,0,100.32,100,2,2
93046880,591192,0,0,100.32,100,2,2
93046960,591192,0,0,100.32,100,4,2
93046990,566556,0,0,100.35,200,4,2
93047040,591683,0,0,101.94,1700,2,2
93047040,591715,0,0,100.32,100,2,2
93047040,591722,0,0,100.32,13500,2,2
93047070,591737,0,0,100.33,100,2,2
93047140,591715,0,0,100.32,100,4,2
93047170,592345,0,0,100.33,100,2,2
93047300,0,252761,592714,100.24,100,2,0
93047300,0,592744,588713,100.3,200,1,0
93047300,592711,0,0,100.33,100,2,2
93047330,592761,0,0,100.33,200,2,2
93047390,593023,0,0,100.33,100,2,2
93047410,593066,0,0,99.5,100,1,2
93047490,593365,0,0,100.33,200,2,2
93047670,559978,0,0,100.37,100,4,2
93047720,594180,0,0,100.32,100,2,2
93048110,595590,0,0,100.33,100,2,2
93048230,595928,0,0,100.1,100,1,2
93048290,581893,0,0,100.36,100,4,2
93048330,271896,0,0,100.03,100,3,2
93048360,0,252761,596553,100.24,100,2,0
93048390,587788,0,0,100.32,100,4,2
93048470,0,596852,588713,100.3,100,1,0
93048470,596828,0,0,100.33,100,2,2
93048760,597766,0,0,100.32,100,2,2
93048850,597766,0,0,100.32,100,4,2
93048870,0,107547,598172,100.2,100,2,0
93048870,0,107547,598184,100.2,100,2,0
93048870,0,168031,598194,100.2,100,2,0
93048870,587648,0,0,100.32,900,4,2
93048870,587649,0,0,100.32,400,4,2
93048870,587650,0,0,100.32,100,4,2
93048870,587897,0,0,100.32,100,4,2
93048870,587900,0,0,100.32,100,4,2
93048870,567338,0,0,100.34,100,4,2
93048870,587684,0,0,100.32,100,4,2
93048870,587670,0,0,100.32,100,4,2
93048870,587899,0,0,100.32,100,4,2
93048870,567354,0,0,100.34,100,4,2
93048870,587919,0,0,100.32,200,4,2
93048870,587903,0,0,100.32,100,4,2
93048870,587907,0,0,100.32,100,4,2
93048870,557435,0,0,100.36,400,4,2
93048870,587901,0,0,100.32,100,4,2
93048870,598179,0,0,100.29,400,2,2
93048870,587908,0,0,100.32,100,4,2
93048870,587904,0,0,100.32,100,4,2
93048870,587905,0,0,100.32,100,4,2
93048870,567344,0,0,100.34,100,4,2
93048890,587898,0,0,100.32,100,4,2
93048890,587675,0,0,100.32,100,4,2
93048890,598284,0,0,100.2,100,1,2
93048920,0,256798,598323,100.2,100,2,0
93048920,0,256798,598326,100.2,200,2,0
93048920,0,256798,598329,100.2,100,2,0
93048920,0,256798,598330,100.2,200,2,0
93048920,0,256798,598332,100.2,300,2,0
93048920,0,598284,598333,100.2,100,2,0
93048920,0,598369,598334,100.2,100,1,0
93048920,0,598369,598336,100.2,100,1,0
93048920,0,598394,598336,100.2,100,1,0
93048920,0,598394,598338,100.2,200,1,0
93048920,0,598394,598339,100.2,100,1,0
93048920,0,598394,598343,100.2,100,1,0
93048920,587786,0,0,100.32,100,4,2
93048920,598316,0,0,100.0,500,1,2
93048920,598334,0,0,100.2,100,2,2
93048920,598336,0,0,100.2,200,2,2
93048920,598338,0,0,100.2,200,2,2
93048920,598339,0,0,100.2,100,2,2
93048920,598343,0,0,100.2,300,2,2
93048920,598344,0,0,100.2,300,2,2
93048920,598346,0,0,100.2,100,2,2
93048920,598361,0,0,100.2,100,2,2
93048920,598375,0,0,100.2,800,2,2
93048920,598385,0,0,100.29,100,2,2
93048920,598399,0,0,100.29,100,2,2
93048950,598439,0,0,100.2,300,2,2
93048950,598455,0,0,100.2,100,2,2
93048950,598457,0,0,100.2,100,2,2
93048980,598615,0,0,100.2,100,2,2
93048980,598626,0,0,100.2,100,2,2
93049130,0,210545,599158,100.19,100,2,0
93049130,0,227144,599158,100.19,800,2,0
93049130,0,281149,599158,100.19,200,2,0
93049130,0,441780,599158,100.19,100,2,0
93049130,0,118870,599158,100.18,300,2,0
93049130,585836,0,0,100.34,100,4,2
93049200,585229,0,0,100.33,200,4,2
93049200,575411,0,0,100.34,700,4,2
93049200,579023,0,0,100.33,200,4,2
93049240,599500,0,0,100.2,800,2,2
93049280,599764,0,0,100.2,800,2,2
93049280,599809,0,0,100.33,6000,2,2
93049360,599957,0,0,100.3,100,2,2
93049440,600113,0,0,100.32,100,2,2
93049540,231721,0,0,101.58,100,4,2
93049540,600667,0,0,100.27,100,2,2
93049580,567380,0,0,100.35,100,4,2
93049810,601503,0,0,101.55,600,2,2
93050720,0,146459,604606,100.18,100,2,0
93051310,0,606848,598343,100.2,200,1,0
93051820,0,146459,608539,100.18,100,2,0
93051820,0,146460,608539,100.18,1000,2,0
93051820,0,146466,608539,100.18,200,2,0
93051860,0,608614,598346,100.2,100,1,0
93051860,0,608614,598361,100.2,100,1,0
93051860,0,146466,608648,100.18,100,2,0
93051860,0,146466,608649,100.18,400,2,0
93051860,0,146466,608650,100.18,300,2,0
93051860,0,306781,608650,100.18,100,2,0
93051860,0,306781,608651,100.18,100,2,0
93051890,0,220765,608716,100.16,100,2,0
93052940,0,612334,610013,100.16,100,1,0
93053460,0,612338,614167,100.16,100,2,0
93053520,0,614432,613240,100.17,200,1,0
93053520,0,614438,608652,100.18,300,1,0
93053520,0,614438,608663,100.18,300,1,0
93054810,0,612338,619176,100.16,200,2,0
93055790,0,622588,621374,100.12,100,1,0
93056220,0,624175,620793,100.15,100,1,0
93056700,0,625947,619184,100.16,100,1,0
93056700,0,625947,619185,100.16,100,1,0
93056700,0,625947,619361,100.16,100,1,0
93056820,0,626392,619374,100.16,100,1,0
93056820,0,626392,619400,100.16,100,1,0
93056930,0,626773,619410,100.16,100,1,0
93056930,0,626773,619508,100.16,100,1,0
93056930,0,626798,619510,100.16,100,1,0
93057200,0,627677,619634,100.16,100,1,0
93057220,0,627744,626136,100.16,100,1,0
93057220,0,627744,626137,100.16,100,1,0
93057220,0,627744,626138,100.16,100,1,0
93057220,0,627744,627751,100.16,100,2,0
93057250,0,627771,627904,100.16,100,2,0
93057270,0,627771,627945,100.16,100,2,0
93057370,0,628309,619356,100.17,100,1,0
93057400,0,627771,628355,100.16,100,2,0
93057420,0,628464,622989,100.17,100,1,0
93057420,0,628512,616861,100.18,1600,1,0
93057420,0,628512,617667,100.18,200,1,0
93057480,0,628669,617667,100.18,1400,1,0
93057480,0,628669,620231,100.18,600,1,0
93057480,0,628464,628689,100.17,100,2,0
93057820,0,629773,620231,100.18,300,1,0
93057820,0,629775,620231,100.18,100,1,0
93057820,0,629776,620231,100.18,1600,1,0
93057820,0,629776,622811,100.18,300,1,0
93057820,0,629776,627544,100.18,100,1,0
93057820,0,629776,628330,100.18,100,1,0
93057820,0,629776,628737,100.18,100,1,0
93057820,0,629776,629177,100.18,1000,1,0
93057820,0,627771,629777,100.16,100,2,0
93057820,0,629786,629177,100.18,200,1,0
93057820,0,629787,629177,100.18,200,1,0
93057820,0,627771,629788,100.16,100,2,0
93057820,0,629789,629177,100.18,100,1,0
93057820,0,629791,629177,100.18,200,1,0
93057860,0,629853,629177,100.18,100,1,0
93057860,0,629854,629177,100.18,100,1,0
93057860,0,629855,629177,100.18,100,1,0
93057900,0,630018,627120,100.19,100,1,0
93057930,0,630092,628362,100.19,200,1,0
93057990,0,630283,628362,100.19,200,1,0
93058190,0,629872,631020,100.18,100,2,0
93058220,0,631062,628362,100.19,600,1,0
93058510,0,632055,598615,100.2,100,1,0
93058510,0,632055,615227,100.2,300,1,0
93058550,0,632202,615227,100.2,100,1,0
93058620,0,632436,618602,100.2,400,1,0
93058620,0,632445,628093,100.2,100,1,0
93058700,0,632445,632678,100.2,300,2,0
93058930,0,633345,588713,100.3,100,1,0
93059120,0,633625,634150,100.22,100,2,0
93059120,0,632901,634150,100.21,400,2,0
93059120,0,633040,634150,100.21,100,2,0
93059120,0,633629,634150,100.21,200,2,0
93059120,0,632445,634150,100.2,200,2,0
93059440,0,634432,635417,100.22,100,2,0
93059440,0,634932,635417,100.21,100,2,0
93059860,0,636986,588713,100.3,100,1,0
93059860,0,636996,588713,100.3,100,1,0
93059860,0,636997,610849,100.3,200,1,0
93059860,0,636998,612970,100.3,100,1,0
93059860,0,636998,620905,100.3,100,1,0
93100090,0,636998,637864,100.3,100,2,0
93100340,0,636998,638801,100.3,100,2,0
93100410,0,637126,639177,100.3,100,2,0
93100490,0,639505,587720,100.32,100,1,0
93100490,0,639505,600113,100.32,100,1,0
93100490,0,639505,609921,100.32,100,1,0
93100820,0,641182,587606,100.33,100,1,0
93100820,0,641182,588028,100.33,100,1,0
93100820,0,641183,588540,100.33,100,1,0
93100820,0,641183,589837,100.33,100,1,0
93100820,0,641186,589862,100.33,100,1,0
93100820,0,641186,590111,100.33,100,1,0
93100820,0,641188,590706,100.33,100,1,0
93100820,0,641188,591737,100.33,100,1,0
93100820,0,641191,592345,100.33,100,1,0
93100820,0,641192,592711,100.33,100,1,0
93100820,0,641196,593023,100.33,100,1,0
93100820,0,641196,593365,100.33,100,1,0
93100820,0,641199,593365,100.33,100,1,0
93100820,0,641205,595590,100.33,100,1,0
93100820,0,641205,596828,100.33,100,1,0
93100820,0,641205,601611,100.33,100,1,0
93100820,0,641207,602319,100.33,100,1,0
93100820,0,641207,603654,100.33,100,1,0
93100820,0,641210,605577,100.33,100,1,0
93100820,0,641210,607072,100.33,100,1,0
93100820,0,641210,607130,100.33,100,1,0
93100860,0,641289,583258,100.34,100,1,0
93100940,0,641559,583258,100.34,1300,1,0
93101000,0,641873,583258,100.34,500,1,0
93101190,0,642800,583258,100.34,100,1,0
93101270,0,643137,583258,100.34,400,1,0
93101270,0,643137,584599,100.34,100,1,0
93101270,0,643137,603594,100.34,100,1,0
93101390,0,643770,577970,100.36,500,1,0
93101390,0,643770,643807,100.36,100,2,0
93101420,0,643911,518119,100.56,100,1,0
93101420,0,643911,488835,100.77,100,1,0
93101750,0,645156,645217,100.38,100,2,0
93101750,0,644215,645217,100.37,100,2,0
93102050,0,645724,646451,100.5,100,2,0
93102100,0,645724,646493,100.5,100,2,0
93102470,0,646609,648143,100.48,100,2,0
93102510,0,646609,648340,100.48,100,2,0
93102540,0,646028,648593,100.38,100,2,0
93102540,0,646226,648593,100.38,100,2,0
93102540,0,645152,648593,100.37,100,2,0
93102540,0,646224,648593,100.37,100,2,0
93102540,0,645250,648593,100.36,100,2,0
93102540,0,647984,648593,100.34,100,2,0
93103080,0,650089,650952,100.51,100,2,0
93103330,0,652254,652219,100.71,100,1,0
93103330,0,652255,650328,100.72,100,1,0
93103810,0,650089,654343,100.51,100,2,0
93103850,0,650099,654468,100.51,100,2,0
93103850,0,650099,654470,100.51,100,2,0
93103850,0,650099,654473,100.51,100,2,0
93103850,0,650099,654474,100.51,100,2,0
93103850,0,650099,654476,100.51,100,2,0
93104060,0,650099,655245,100.51,100,2,0
93104090,0,655354,654363,100.67,100,1,0
93104090,0,650123,655393,100.38,200,2,0
93104090,0,649221,655393,100.36,200,2,0
93104940,0,659065,657638,100.39,100,1,0
93105130,0,659823,657638,100.39,100,1,0
93105340,0,659072,660849,100.38,200,2,0
93105340,0,649221,660849,100.36,300,2,0
93105490,0,661501,656373,100.4,100,1,0
93106860,0,667267,663316,100.38,100,1,0
93107060,0,668150,663316,100.38,100,1,0
93107060,0,668181,656373,100.4,100,1,0
93108170,0,673059,656373,100.4,100,1,0
93108400,0,668260,673938,100.38,100,2,0
93108960,0,647984,676573,100.34,100,2,0
93109920,0,681117,675712,100.38,100,1,0
93111390,0,681145,687263,100.38,100,2,0
93111390,0,681200,687263,100.38,100,2,0
93111390,0,681215,687263,100.38,100,2,0
93111390,0,682440,687263,100.38,100,2,0
93111390,0,686228,687263,100.38,100,2,0
93111390,0,647991,687263,100.34,100,2,0
93112100,0,647991,690076,100.34,100,2,0
93113910,0,690266,696838,100.38,200,2,0
93113910,0,690317,696838,100.38,100,2,0
93115870,0,704253,698193,100.43,100,1,0
93116460,0,690865,706394,100.38,400,2,0
93118150,0,690865,712985,100.38,100,2,0
93118150,0,693418,712985,100.38,100,2,0
93118150,0,698658,712985,100.38,100,2,0
93118890,0,715781,712985,100.38,100,1,0
93118890,0,715782,712985,100.38,100,1,0
93118890,0,715784,712985,100.38,100,1,0
93119750,0,647991,719062,100.34,100,2,0
93121290,0,724871,712985,100.38,400,1,0
93121310,0,725069,712985,100.38,200,1,0
93121510,0,721495,725766,100.35,200,2,0
93121510,0,647991,725766,100.34,100,2,0
93121510,0,647993,725766,100.34,500,2,0
93121880,0,727068,712985,100.38,100,1,0
93123870,0,734071,712985,100.38,100,1,0
93124130,0,734845,712985,100.38,300,1,0
93124300,0,735391,712985,100.38,100,1,0
93124890,0,726250,737272,100.36,100,2,0
93124890,0,737321,712985,100.38,100,1,0
93124890,0,737339,712985,100.38,100,1,0
93125100,0,737374,738030,100.38,100,2,0
93125100,0,737525,738030,100.38,100,2,0
93126050,0,741266,738807,100.4,100,1,0
93126400,0,741266,742515,100.4,100,2,0
93126570,0,741266,743059,100.4,300,2,0
93127240,0,741266,744995,100.4,100,2,0
93127240,0,738633,744995,100.39,100,2,0
93127240,0,738092,744995,100.38,100,2,0
93127240,0,738093,744995,100.38,100,2,0
93127960,0,738096,747126,100.38,100,2,0
93127960,0,738097,747126,100.38,100,2,0
93129640,0,738399,752368,100.38,100,2,0
93131520,0,756576,758205,100.39,100,2,0
93131520,0,738421,758240,100.38,100,2,0
93131520,0,738425,758240,100.38,100,2,0
93131520,0,738504,758240,100.38,100,2,0
93131680,0,758741,723649,100.43,100,1,0
93133250,0,758741,763884,100.43,100,2,0
93134440,0,767425,699471,100.45,100,1,0
93134730,0,768379,692164,100.48,200,1,0
93135170,0,758741,769873,100.43,100,2,0
93136010,0,758741,772657,100.43,200,2,0
93136470,0,758741,774130,100.43,100,2,0
93136470,0,763449,774130,100.43,100,2,0
93136470,0,765679,774130,100.43,100,2,0
93140090,0,785185,784722,100.47,100,1,0
93141070,0,788029,692164,100.48,100,1,0
93141070,0,788048,692164,100.48,100,1,0
93141530,0,788137,789633,100.47,100,2,0
93141530,0,785187,789633,100.44,100,2,0
93141530,0,776369,789633,100.43,200,2,0
93142890,0,793597,692164,100.48,200,1,0
93142890,0,793631,775351,100.48,100,1,0
93143660,0,795720,665770,100.5,200,1,0
93143660,0,795720,771854,100.5,400,1,0
93144180,0,797210,658670,100.51,100,1,0
